Date,Open,High,Low,Close,Volume
1/1/2012,873,879,851,879,799
1/2/2012,879,913,882,900,1002
1/3/2012,900,916,892,892,2653
1/4/2012,892,875,842,865,490
1/5/2012,865,875,858,858,121
1/8/2012,858,845,814,830,4835
1/9/2012,830,846,830,846,195
1/10/2012,846,862,845,845,658
1/11/2012,845,874,845,874,969
1/12/2012,874,904,860,904,773
1/16/2012,904,886,867,879,235
1/17/2012,879,865,820,861,2244
1/18/2012,861,882,830,882,1617
1/22/2012,882,870,836,836,1273
1/23/2012,836,843,826,835,1255
1/25/2012,835,840,825,840,442
1/26/2012,840,830,826,830,408
1/29/2012,830,830,823,830,496
1/31/2012,830,845,842,842,143
2/1/2012,842,840,832,832,250
2/2/2012,832,850,833,850,382
2/5/2012,850,840,824,829,1035
2/6/2012,829,829,824,824,545
2/7/2012,824,833,820,830,816
2/8/2012,830,841,830,841,187
2/9/2012,841,840,830,840,437
2/12/2012,840,843,828,843,1780
2/13/2012,843,876,832,876,885
2/14/2012,876,870,860,860,447
2/15/2012,860,860,843,843,182
2/16/2012,843,850,833,850,1286
2/21/2012,850,850,836,850,170
2/23/2012,850,850,845,850,79
2/26/2012,850,856,833,844,1025
2/27/2012,844,847,831,847,1055
2/28/2012,847,867,845,867,825
2/29/2012,867,869,860,861,602
3/1/2012,861,887,865,887,497
3/4/2012,887,876,870,874,590
3/5/2012,874,887,866,883,571
3/6/2012,883,885,875,882,301
3/11/2012,882,885,868,885,361
3/12/2012,885,882,880,880,256
3/13/2012,880,880,863,880,501
3/14/2012,880,875,860,860,389
3/15/2012,860,852,836,852,446
3/18/2012,852,869,850,867,168
3/19/2012,867,882,853,882,281
3/20/2012,882,874,847,874,307
3/21/2012,874,878,850,878,900
3/25/2012,878,878,845,878,521
3/26/2012,878,861,861,861,50
3/27/2012,861,873,850,867,342
3/28/2012,867,867,850,867,317
3/29/2012,867,867,850,867,64
4/1/2012,867,852,835,852,981
4/2/2012,852,880,852,880,270
4/3/2012,880,891,867,875,145
4/4/2012,875,902,878,902,106
4/8/2012,902,895,879,895,318
4/9/2012,895,901,884,901,906
4/10/2012,901,892,890,890,249
4/11/2012,890,925,885,910,1173
4/12/2012,910,988,920,988,1316
4/15/2012,988,1075,1007,1075,1840
4/17/2012,1075,1182,994,1000,2664
4/18/2012,1000,1081,951,1081,1741
4/19/2012,1081,1144,1078,1130,3104
4/22/2012,1130,1200,1130,1200,3423
4/24/2012,1200,1320,1224,1320,880
4/25/2012,1320,1452,1346,1450,3631
4/26/2012,1450,1550,1400,1550,6246
4/29/2012,1550,1538,1461,1500,4632
4/30/2012,1500,1470,1380,1400,2746
5/2/2012,1400,1372,1260,1260,956
5/3/2012,1260,1386,1285,1386,522
5/7/2012,1386,1524,1413,1524,1302
5/8/2012,1524,1585,1470,1524,4092
5/9/2012,1524,1554,1415,1459,6781
5/10/2012,1459,1453,1387,1420,3591
5/13/2012,1420,1392,1290,1302,1788
5/14/2012,1302,1276,1200,1219,2577
5/15/2012,1219,1340,1219,1340,2424
5/16/2012,1340,1474,1340,1474,1090
5/17/2012,1474,1563,1421,1450,6367
5/20/2012,1450,1458,1390,1450,1648
5/21/2012,1450,1460,1400,1445,3948
5/22/2012,1445,1438,1380,1438,1664
5/23/2012,1438,1410,1325,1325,617
5/24/2012,1325,1400,1300,1369,3006
5/27/2012,1369,1448,1372,1420,4735
5/29/2012,1420,1392,1338,1338,30
5/30/2012,1338,1312,1205,1205,399
5/31/2012,1205,1228,1113,1200,5417
6/3/2012,1200,1320,1210,1313,2718
6/4/2012,1313,1313,1265,1290,2280
6/5/2012,1290,1265,1217,1242,1088
6/6/2012,1242,1221,1190,1206,4535
6/7/2012,1206,1258,1210,1225,1504
6/10/2012,1225,1210,1188,1205,1572
6/11/2012,1205,1253,1200,1200,602
6/12/2012,1200,1210,1195,1210,1025
6/13/2012,1210,1220,1201,1220,197
6/14/2012,1220,1215,1196,1212,903
6/17/2012,1212,1205,1194,1205,306
6/18/2012,1205,1224,1200,1210,320
6/19/2012,1210,1211,1186,1211,624
6/20/2012,1211,1258,1195,1212,226
6/21/2012,1212,1212,1200,1205,730
6/25/2012,1205,1264,1197,1264,721
6/26/2012,1264,1239,1218,1226,358
6/27/2012,1226,1264,1240,1249,1302
6/28/2012,1249,1298,1250,1267,1238
7/1/2012,1267,1260,1250,1260,1135
7/2/2012,1260,1250,1242,1245,790
7/3/2012,1245,1280,1250,1280,1302
7/4/2012,1280,1325,1281,1302,784
7/5/2012,1302,1293,1276,1293,789
7/8/2012,1293,1281,1265,1281,1230
7/9/2012,1281,1285,1260,1275,907
7/10/2012,1275,1302,1288,1300,955
7/11/2012,1300,1316,1310,1310,1338
7/12/2012,1310,1319,1301,1319,1100
7/15/2012,1319,1365,1338,1355,1155
7/16/2012,1355,1353,1340,1350,904
7/17/2012,1350,1371,1350,1371,2701
7/18/2012,1371,1395,1368,1382,2406
7/19/2012,1382,1443,1400,1430,1362
7/22/2012,1430,1478,1430,1475,4131
7/23/2012,1475,1502,1478,1483,3631
7/24/2012,1483,1486,1447,1474,3187
7/25/2012,1474,1490,1462,1470,2707
7/26/2012,1470,1465,1450,1450,1828
7/29/2012,1450,1450,1431,1440,943
7/30/2012,1440,1455,1420,1450,2028
7/31/2012,1450,1462,1441,1450,651
8/1/2012,1450,1470,1450,1460,2222
8/5/2012,1460,1470,1440,1470,969
8/6/2012,1470,1481,1470,1478,897
8/7/2012,1478,1486,1470,1480,975
8/8/2012,1480,1475,1460,1469,1167
8/12/2012,1469,1460,1451,1451,508
8/13/2012,1451,1500,1455,1461,3040
8/14/2012,1461,1473,1450,1455,1350
8/15/2012,1455,1460,1445,1450,2545
8/16/2012,1450,1475,1447,1469,2466
8/19/2012,1469,1451,1441,1451,385
8/21/2012,1451,1465,1430,1465,2488
8/22/2012,1465,1472,1451,1462,1036
8/23/2012,1462,1468,1441,1465,1546
8/26/2012,1465,1465,1430,1439,569
8/27/2012,1439,1450,1436,1450,1059
8/28/2012,1450,1451,1437,1437,1216
8/29/2012,1437,1440,1423,1440,1265
8/30/2012,1440,1437,1405,1437,1420
9/2/2012,1437,1464,1440,1462,1427
9/3/2012,1462,1469,1450,1460,731
9/4/2012,1460,1459,1432,1455,683
9/5/2012,1455,1460,1440,1451,681
9/6/2012,1451,1451,1440,1443,2276
9/9/2012,1443,1449,1435,1448,1031
9/10/2012,1448,1441,1426,1426,524
9/11/2012,1426,1520,1454,1490,7009
9/12/2012,1490,1505,1480,1480,5042
9/13/2012,1480,1489,1478,1481,1771
9/16/2012,1481,1491,1480,1485,1019
9/17/2012,1485,1488,1481,1488,1287
9/18/2012,1488,1500,1486,1486,897
9/19/2012,1486,1490,1480,1482,998
9/20/2012,1482,1470,1445,1470,350
9/23/2012,1470,1460,1442,1452,921
9/24/2012,1452,1436,1410,1436,898
9/25/2012,1436,1434,1415,1426,1942
9/26/2012,1426,1452,1400,1410,6206
9/27/2012,1410,1420,1410,1419,1035
9/30/2012,1419,1444,1400,1400,1097
10/1/2012,1400,1428,1400,1402,4518
10/2/2012,1402,1413,1375,1385,5576
10/3/2012,1385,1131,1120,1120,218
10/4/2012,1120,1125,1101,1125,723
10/7/2012,1125,1145,1133,1145,1039
10/8/2012,1145,1160,1145,1150,570
10/9/2012,1150,1162,1140,1162,514
10/10/2012,1162,1152,1143,1152,224
10/11/2012,1152,1140,1135,1135,377
10/14/2012,1135,1157,1135,1157,177
10/15/2012,1157,1160,1160,1160,26
10/17/2012,1160,1160,1160,1160,211
10/18/2012,1160,1165,1137,1165,636
10/30/2012,1165,1224,1185,1224,291
10/31/2012,1224,1248,1224,1247,806
11/1/2012,1247,1249,1220,1249,1358
11/4/2012,1249,1290,1250,1265,602
11/5/2012,1265,1310,1280,1280,521
11/6/2012,1280,1329,1300,1316,2280
11/7/2012,1316,1447,1342,1447,1661
11/8/2012,1447,1575,1475,1504,5562
11/11/2012,1504,1505,1376,1410,3220
11/12/2012,1410,1455,1400,1455,1858
11/18/2012,1455,1504,1455,1503,5211
11/20/2012,1503,1572,1529,1550,3483
11/21/2012,1550,1565,1525,1535,2159
11/22/2012,1535,1510,1480,1510,3477
11/25/2012,1510,1517,1480,1501,5926
11/26/2012,1501,1492,1470,1478,14328
11/27/2012,1478,1485,1467,1485,2331
11/28/2012,1485,1499,1460,1499,1685
11/29/2012,1499,1470,1452,1460,513
12/2/2012,1460,1461,1426,1445,3251
12/3/2012,1445,1460,1403,1460,1078
12/4/2012,1460,1489,1460,1466,1708
12/5/2012,1466,1510,1475,1503,6029
12/6/2012,1503,1500,1475,1498,2285
12/9/2012,1498,1475,1450,1450,718
12/10/2012,1450,1450,1420,1450,1548
12/11/2012,1450,1464,1445,1450,742
12/13/2012,1450,1509,1465,1490,601
12/16/2012,1490,1534,1500,1528,4987
12/17/2012,1528,1579,1535,1559,11942
12/18/2012,1559,1528,1500,1522,2787
12/19/2012,1522,1555,1523,1547,4192
12/20/2012,1547,1559,1530,1556,4104
12/23/2012,1556,1575,1545,1575,4289
12/24/2012,1575,1579,1550,1567,6737
12/26/2012,1567,1623,1560,1615,5465
12/27/2012,1615,1701,1506,1701,7127
12/31/2012,1701,1695,1610,1693,3896
1/1/2013,1693,1698,1660,1660,2821
1/2/2013,1660,1684,1635,1661,3397
1/3/2013,1661,1690,1660,1689,5596
1/6/2013,1689,1698,1675,1675,1363
1/7/2013,1675,1683,1650,1665,4852
1/8/2013,1665,1665,1653,1654,619
1/9/2013,1654,1650,1640,1650,1314
1/10/2013,1650,1646,1620,1640,2114
1/13/2013,1640,1665,1646,1650,1896
1/15/2013,1650,1668,1650,1650,1850
1/16/2013,1650,1662,1640,1650,1823
1/17/2013,1650,1635,1617,1620,2605
1/20/2013,1620,1590,1540,1550,2151
1/21/2013,1550,1612,1581,1590,468
1/22/2013,1590,1620,1590,1600,1194
1/23/2013,1600,1600,1575,1583,1800
1/24/2013,1583,1601,1578,1601,3866
1/27/2013,1601,1605,1590,1605,1580
1/28/2013,1605,1610,1591,1605,2032
1/30/2013,1605,1606,1580,1585,6011
1/31/2013,1585,1593,1580,1580,2399
2/3/2013,1580,1625,1595,1620,4537
2/4/2013,1620,1624,1600,1622,1449
2/5/2013,1622,1625,1600,1605,2714
2/6/2013,1605,1609,1595,1608,4577
2/7/2013,1608,1611,1600,1606,1056
2/10/2013,1606,1687,1637,1655,4707
2/12/2013,1655,1735,1688,1730,5007
2/13/2013,1730,1729,1682,1711,5548
2/14/2013,1711,1755,1737,1749,5508
2/17/2013,1749,1923,1783,1890,3388
2/19/2013,1890,2000,1862,1866,11302
2/20/2013,1866,1870,1813,1840,3753
2/21/2013,1840,1894,1820,1850,4683
2/24/2013,1850,1860,1840,1851,1719
2/25/2013,1851,1950,1850,1885,2323
2/26/2013,1885,1922,1880,1899,4719
2/27/2013,1899,1875,1862,1870,1777
2/28/2013,1870,1889,1868,1888,1426
3/3/2013,1888,1889,1871,1887,3654
3/4/2013,1887,1886,1875,1880,2969
3/5/2013,1880,1888,1855,1868,5639
3/6/2013,1868,1895,1860,1890,1309
3/7/2013,1890,1925,1850,1925,4043
3/11/2013,1925,1939,1880,1900,2354
3/13/2013,1900,1911,1872,1908,3412
3/14/2013,1908,1998,1900,1921,2905
3/17/2013,1921,1916,1900,1904,2533
3/18/2013,1904,1909,1861,1880,1067
3/19/2013,1880,1923,1860,1890,1872
3/20/2013,1890,1901,1875,1878,688
3/21/2013,1878,1900,1870,1880,498
3/24/2013,1880,1851,1825,1835,2994
3/25/2013,1835,1852,1800,1852,2653
3/27/2013,1852,1888,1841,1849,2300
3/28/2013,1849,1852,1825,1852,4364
3/31/2013,1852,1830,1785,1785,2556
4/1/2013,1785,1811,1750,1795,3861
4/2/2013,1795,1856,1760,1830,2688
4/3/2013,1830,1840,1820,1825,1741
4/4/2013,1825,1825,1801,1808,2424
4/7/2013,1808,1808,1780,1790,1811
4/8/2013,1790,1820,1787,1800,785
4/9/2013,1800,1850,1801,1850,2545
4/11/2013,1850,1860,1835,1845,3477
4/15/2013,1845,1849,1815,1835,1900
4/16/2013,1835,1845,1815,1830,3250
4/17/2013,1830,1826,1805,1805,1167
4/18/2013,1805,1830,1806,1815,1755
4/21/2013,1815,1835,1805,1820,1114
4/22/2013,1820,1820,1750,1765,3818
4/23/2013,1765,1836,1790,1804,1983
4/25/2013,1804,1800,1780,1780,1273
4/28/2013,1780,1777,1770,1770,1757
4/29/2013,1770,1795,1770,1770,1506
4/30/2013,1770,1785,1769,1770,515
5/2/2013,1770,1771,1740,1770,1071
5/5/2013,1770,1780,1720,1735,1168
5/6/2013,1735,1715,1678,1678,848
5/7/2013,1678,1738,1675,1704,3840
5/8/2013,1704,1700,1690,1690,234
5/9/2013,1690,1702,1685,1685,998
5/12/2013,1685,1718,1660,1681,3800
5/13/2013,1681,1718,1680,1718,2165
5/14/2013,1718,1722,1690,1690,3704
5/15/2013,1690,1723,1690,1695,9162
5/16/2013,1695,1750,1700,1750,1993
5/19/2013,1750,1765,1720,1726,10617
5/20/2013,1726,1760,1730,1745,2532
5/21/2013,1745,1753,1740,1750,3286
5/22/2013,1750,1763,1735,1745,2178
5/23/2013,1745,1745,1725,1745,3462
5/26/2013,1745,1750,1740,1741,1188
5/27/2013,1741,1804,1760,1804,1415
5/28/2013,1804,1785,1760,1761,1016
5/30/2013,1761,1761,1745,1745,2567
6/2/2013,1745,1754,1730,1730,1852
6/3/2013,1730,1760,1749,1750,669
6/4/2013,1750,1755,1740,1750,590
6/5/2013,1750,1750,1744,1744,357
6/6/2013,1744,1750,1731,1746,746
6/9/2013,1746,1740,1740,1740,1721
6/10/2013,1740,1742,1735,1740,3401
6/11/2013,1740,1755,1744,1752,630
6/12/2013,1752,1743,1735,1736,812
6/13/2013,1736,1735,1725,1728,1716
6/16/2013,1728,1740,1725,1738,1064
6/17/2013,1738,1731,1720,1720,1445
6/18/2013,1720,1721,1701,1719,1011
6/19/2013,1719,1722,1706,1721,1715
6/20/2013,1721,1715,1706,1711,1816
6/23/2013,1711,1718,1700,1715,528
6/24/2013,1715,1721,1705,1716,812
6/25/2013,1716,1730,1709,1730,1982
6/26/2013,1730,1785,1730,1765,2051
6/27/2013,1765,1785,1750,1773,1651
6/30/2013,1773,1771,1730,1750,1692
7/1/2013,1750,1759,1745,1747,1948
7/2/2013,1747,1748,1740,1748,869
7/3/2013,1748,1753,1725,1743,1706
7/4/2013,1743,1746,1735,1741,1636
7/7/2013,1741,1747,1730,1741,2216
7/8/2013,1741,1754,1736,1750,2866
7/9/2013,1750,1779,1753,1779,1603
7/10/2013,1779,1809,1780,1805,5003
7/11/2013,1805,1795,1786,1786,632
7/14/2013,1786,1800,1788,1790,1240
7/15/2013,1790,1823,1810,1815,553
7/16/2013,1815,1819,1795,1800,2427
7/17/2013,1800,1825,1801,1825,3409
7/18/2013,1825,1872,1811,1865,5092
7/21/2013,1865,1970,1890,1910,5250
7/22/2013,1910,1915,1885,1885,1031
7/23/2013,1885,1920,1870,1920,898
7/24/2013,1920,1900,1843,1890,2886
7/25/2013,1890,1905,1880,1889,1962
7/28/2013,1889,1918,1880,1905,2279
7/29/2013,1905,1910,1890,1900,2562
7/30/2013,1900,1915,1900,1910,2927
7/31/2013,1910,1935,1900,1925,2384
8/1/2013,1925,1950,1900,1910,2696
8/4/2013,1910,1915,1891,1915,3186
8/5/2013,1915,1901,1890,1895,1105
8/6/2013,1895,1905,1885,1903,2029
8/7/2013,1903,1920,1890,1890,635
8/8/2013,1890,1926,1880,1900,2663
8/11/2013,1900,1875,1850,1870,867
8/12/2013,1870,1870,1842,1850,1648
8/13/2013,1850,1850,1812,1830,2663
8/14/2013,1830,1860,1819,1819,1105
8/15/2013,1819,1845,1818,1845,651
8/18/2013,1845,1845,1822,1825,1294
8/19/2013,1825,1850,1830,1838,1782
8/20/2013,1838,1855,1830,1855,807
8/25/2013,1855,1870,1850,1860,1577
8/26/2013,1860,1860,1840,1851,1868
8/27/2013,1851,1859,1840,1853,1193
8/29/2013,1853,1856,1830,1834,1962
9/1/2013,1834,1840,1830,1830,787
9/2/2013,1830,1825,1820,1820,802
9/3/2013,1820,1828,1800,1820,3564
9/4/2013,1820,1840,1803,1820,2269
9/5/2013,1820,1820,1799,1820,3902
9/8/2013,1820,2002,1856,2002,9905
9/9/2013,2002,2039,1961,1965,8448
9/10/2013,1965,1965,1926,1940,5604
9/11/2013,1940,1958,1940,1958,5974
9/12/2013,1958,1975,1960,1965,3529
9/15/2013,1965,1995,1960,1990,9143
9/16/2013,1990,2002,1990,1996,4647
9/17/2013,1996,2003,1985,2000,9843
9/19/2013,2000,1991,1965,1980,2291
9/22/2013,1980,1980,1950,1975,2397
9/23/2013,1975,1975,1941,1970,3089
9/24/2013,1970,1990,1961,1980,4740
9/25/2013,1980,1986,1976,1980,2790
9/26/2013,1980,2000,1979,1980,837
9/29/2013,1980,1990,1970,1975,2802
9/30/2013,1975,1980,1975,1975,1938
10/1/2013,1975,2012,1974,1980,2887
10/2/2013,1980,1985,1950,1983,1303
10/3/2013,1983,1980,1960,1976,2340
10/6/2013,1976,1980,1970,1980,1379
10/7/2013,1980,1995,1980,1992,1594
10/8/2013,1992,2010,1995,2010,2489
10/9/2013,2010,2014,2000,2008,2821
10/10/2013,2008,2035,2015,2030,1255
10/17/2013,2030,2065,2035,2065,3332
10/20/2013,2065,2151,2050,2150,8573
10/21/2013,2150,2240,2124,2200,6354
10/22/2013,2200,2200,2100,2150,7336
10/23/2013,2150,2160,2111,2140,2544
10/24/2013,2140,2160,2118,2160,3527
10/27/2013,2160,2201,2117,2200,3228
10/28/2013,2200,2230,2191,2198,5747
10/29/2013,2198,2204,2190,2201,2987
10/30/2013,2201,2206,2195,2200,8171
10/31/2013,2200,2208,2195,2198,5454
11/6/2013,2198,2200,2191,2194,1535
11/7/2013,2194,2199,2175,2175,3254
11/10/2013,2175,2196,2170,2170,1502
11/11/2013,2170,2210,2150,2201,10578
11/12/2013,2201,2250,2200,2205,3891
11/13/2013,2205,2240,2205,2213,8998
11/14/2013,2213,2260,2200,2229,9683
11/21/2013,2229,2451,2273,2451,10177
11/24/2013,2451,2567,2400,2523,7026
11/25/2013,2523,2478,2380,2447,4977
11/26/2013,2447,2440,2380,2390,5083
11/27/2013,2390,2390,2365,2380,1841
11/28/2013,2380,2380,2333,2380,3395
12/1/2013,2380,2495,2427,2474,5618
12/2/2013,2474,2500,2470,2491,5399
12/3/2013,2491,2605,2491,2575,6324
12/4/2013,2575,2725,2610,2715,6447
12/5/2013,2715,2800,2695,2720,9860
12/8/2013,2720,2790,2700,2750,18668
12/9/2013,2750,2400,2244,2290,5002
12/10/2013,2290,2290,2240,2255,1767
12/11/2013,2255,2305,2260,2290,2056
12/12/2013,2290,2300,2240,2245,1285
12/15/2013,2245,2300,2216,2300,1243
12/16/2013,2300,2386,2310,2386,716
12/18/2013,2386,2410,2386,2410,900
12/19/2013,2410,2400,2257,2399,3807
12/22/2013,2399,2405,2357,2357,3302
12/23/2013,2357,2330,2245,2245,1786
12/24/2013,2245,2280,2245,2258,2047
12/26/2013,2258,2320,2260,2270,4278
12/29/2013,2270,2275,2220,2250,3809
12/31/2013,2250,2250,2200,2210,2064
1/1/2014,2210,2180,2142,2151,433
1/2/2014,2151,2150,2090,2125,10110
1/5/2014,2125,2125,2100,2125,5113
1/6/2014,2125,2118,2095,2110,3381
1/7/2014,2110,2135,2070,2126,4731
1/8/2014,2126,2180,2100,2168,2502
1/9/2014,2168,2172,2125,2172,1115
1/12/2014,2172,2225,2105,2225,1788
1/13/2014,2225,2260,2225,2250,1385
1/14/2014,2250,2250,2220,2220,287
1/16/2014,2220,2230,2199,2199,163
1/19/2014,2199,2230,2190,2210,1484
1/20/2014,2210,2200,2166,2185,1001
1/21/2014,2185,2177,2100,2129,1824
1/22/2014,2129,2115,2070,2090,2490
1/23/2014,2090,2100,2050,2080,1919
1/26/2014,2080,2100,2035,2085,2305
1/27/2014,2085,2105,2075,2075,700
1/28/2014,2075,2085,2040,2057,3039
1/29/2014,2057,2060,2025,2050,1516
2/2/2014,2050,2061,2020,2060,3221
2/3/2014,2060,2025,1995,2009,1729
2/4/2014,2009,2020,2000,2015,701
2/5/2014,2015,2060,2010,2060,1667
2/6/2014,2060,2077,2050,2077,3009
2/9/2014,2077,2100,2075,2100,884
2/10/2014,2100,2227,2142,2155,3551
2/11/2014,2155,2130,2100,2130,2034
2/12/2014,2130,2124,2090,2102,1982
2/13/2014,2102,2103,2089,2095,902
2/16/2014,2095,2100,2075,2080,1096
2/17/2014,2080,2100,2080,2088,687
2/18/2014,2088,2105,2085,2105,814
2/20/2014,2105,2140,2098,2098,466
2/23/2014,2098,2150,2100,2108,4237
2/24/2014,2108,2140,2107,2133,2640
2/25/2014,2133,2130,2100,2130,1845
2/26/2014,2130,2180,2100,2149,1200
3/3/2014,2149,2130,2059,2065,1114
3/4/2014,2065,2065,1975,2015,2767
3/5/2014,2015,2090,2000,2090,1527
3/6/2014,2090,2050,2001,2015,1631
3/9/2014,2015,2055,1990,2000,1254
3/10/2014,2000,2005,1965,1980,904
3/11/2014,1980,1981,1960,1979,1671
3/12/2014,1979,1970,1870,1955,4854
3/13/2014,1955,1930,1900,1907,2402
3/17/2014,1907,1885,1840,1855,1944
3/18/2014,1855,1865,1799,1799,2968
3/19/2014,1799,1876,1790,1845,5212
3/20/2014,1845,1910,1840,1910,2633
3/23/2014,1910,1895,1881,1886,1880
3/24/2014,1886,1940,1910,1915,1043
3/25/2014,1915,1910,1880,1900,1319
3/26/2014,1900,1895,1871,1872,781
3/27/2014,1872,1905,1877,1900,2287
3/31/2014,1900,1911,1895,1895,1049
4/1/2014,1895,1920,1880,1900,2849
4/2/2014,1900,1920,1900,1900,4093
4/3/2014,1900,1950,1915,1950,1392
4/6/2014,1950,2000,1965,1965,438
4/7/2014,1965,1950,1893,1945,3054
4/9/2014,1945,1960,1900,1960,1858
4/10/2014,1960,2000,1961,1989,2242
4/13/2014,1989,2009,1970,1995,4388
4/15/2014,1995,2003,1995,1995,572
4/16/2014,1995,1991,1970,1990,606
4/17/2014,1990,1980,1943,1943,1617
4/20/2014,1943,1950,1944,1950,2145
4/21/2014,1950,1950,1920,1930,1235
4/22/2014,1930,1960,1930,1930,382
4/23/2014,1930,1940,1918,1940,699
4/27/2014,1940,1930,1890,1900,1374
4/28/2014,1900,1920,1890,1910,1057
4/29/2014,1910,1910,1910,1910,45
4/30/2014,1910,1940,1910,1940,326
5/4/2014,1940,1940,1904,1935,3143
5/5/2014,1935,1965,1940,1960,1684
5/6/2014,1960,2077,1999,2030,2557
5/7/2014,2030,2111,2040,2040,2142
5/8/2014,2040,2020,2000,2012,1301
5/11/2014,2012,2040,1995,2013,1554
5/12/2014,2013,2040,1995,2015,2015
5/13/2014,2015,2030,1990,2000,1034
5/15/2014,2000,2029,1960,1960,1801
5/18/2014,1960,1965,1941,1950,3500
5/19/2014,1950,1950,1882,1925,4777
5/20/2014,1925,1940,1903,1915,3836
5/21/2014,1915,1926,1890,1915,3692
5/22/2014,1915,1925,1859,1859,21890
5/25/2014,1859,1945,1788,1922,27558
5/26/2014,1922,1989,1900,1989,8695
5/27/2014,1989,1960,1925,1950,5571
5/28/2014,1950,1989,1940,1985,3993
6/1/2014,1985,2050,1970,2035,6733
6/2/2014,2035,2065,2020,2050,8876
6/3/2014,2050,2090,2057,2069,5985
6/4/2014,2069,2075,2050,2075,5664
6/5/2014,2075,2074,2035,2052,4170
6/8/2014,2052,2099,2050,2078,4816
6/9/2014,2078,2115,2078,2110,6302
6/10/2014,2110,2150,2115,2143,6260
6/11/2014,2143,2190,2130,2160,7131
6/12/2014,2160,2185,2127,2160,5552
6/15/2014,2160,2376,2160,2330,9465
6/16/2014,2330,2380,2312,2363,11146
6/17/2014,2363,2413,2310,2360,6689
6/18/2014,2360,2370,2335,2335,2313
6/19/2014,2335,2290,2265,2270,3475
6/23/2014,2270,2235,2186,2198,7097
6/24/2014,2198,2255,2117,2254,4796
6/25/2014,2254,2309,2250,2290,2781
6/26/2014,2290,2335,2301,2301,1527
6/29/2014,2301,2340,2280,2325,4526
6/30/2014,2325,2340,2300,2310,2748
7/1/2014,2310,2355,2320,2335,3169
7/2/2014,2335,2355,2300,2345,4313
7/3/2014,2345,2400,2350,2360,3317
7/6/2014,2360,2420,2360,2390,4442
7/7/2014,2390,2450,2400,2425,3657
7/8/2014,2425,2450,2400,2450,7731
7/9/2014,2450,2460,2438,2438,1438
7/10/2014,2438,2500,2430,2500,3612
7/13/2014,2500,2661,2520,2554,4717
7/14/2014,2554,2605,2530,2550,1345
7/15/2014,2550,2540,2515,2538,2092
7/16/2014,2538,2574,2515,2535,1482
7/17/2014,2535,2555,2490,2528,4066
7/20/2014,2528,2629,2550,2620,3391
7/21/2014,2620,2635,2590,2610,6600
7/22/2014,2610,2657,2559,2657,11797
7/23/2014,2657,2680,2600,2680,2677
7/24/2014,2680,2670,2610,2652,2761
7/27/2014,2652,2620,2600,2600,856
7/28/2014,2600,2610,2560,2610,281
7/30/2014,2610,2610,2576,2580,1885
7/31/2014,2580,2612,2565,2571,2070
8/3/2014,2571,2600,2575,2583,2243
8/4/2014,2583,2560,2470,2480,1906
8/5/2014,2480,2550,2500,2500,4958
8/6/2014,2500,2505,2480,2489,3605
8/7/2014,2489,2500,2470,2472,2121
8/12/2014,2472,2470,2415,2415,1179
8/13/2014,2415,2505,2385,2450,3685
8/14/2014,2450,2550,2425,2513,3681
8/18/2014,2513,2555,2490,2505,7582
8/19/2014,2505,2511,2475,2475,2987
8/20/2014,2475,2480,2400,2418,5743
8/21/2014,2418,2502,2270,2441,4752
8/24/2014,2441,2520,2439,2470,2179
8/25/2014,2470,2519,2280,2360,4877
8/26/2014,2360,2407,2223,2223,7014
8/27/2014,2223,2400,2267,2365,7514
8/28/2014,2365,2530,2410,2412,7784
8/31/2014,2412,2578,2460,2462,28055
9/1/2014,2462,2460,2380,2402,8973
9/3/2014,2402,2488,2400,2424,6112
9/4/2014,2424,2410,2377,2397,4050
9/7/2014,2397,2375,2230,2230,3957
9/9/2014,2230,2387,2250,2365,2375
9/10/2014,2365,2425,2320,2320,4288
9/11/2014,2320,2320,2250,2260,2728
9/14/2014,2260,2285,2220,2276,3404
9/15/2014,2276,2346,2260,2300,2930
9/16/2014,2300,2346,2285,2325,3472
9/17/2014,2325,2350,2300,2300,3375
9/21/2014,2247,2215,2165,2190,2116
9/22/2014,2190,2175,2140,2174,2830
9/23/2014,2174,2270,2195,2213,2415
9/24/2014,2213,2346,2250,2344,2407
9/28/2014,2344,2375,2330,2345,2614
9/29/2014,2345,2427,2360,2399,4217
9/30/2014,2399,2407,2357,2395,2574
10/8/2014,2395,2394,2370,2370,433
10/9/2014,2370,2380,2340,2380,704
10/12/2014,2380,2360,2320,2360,1152
10/13/2014,2360,2315,2250,2272,2487
10/14/2014,2272,2310,2280,2290,1237
10/15/2014,2290,2340,2298,2340,845
10/16/2014,2340,2375,2328,2340,1374
10/19/2014,2340,2324,2295,2315,2320
10/20/2014,2315,2320,2300,2320,1595
10/21/2014,2320,2361,2310,2324,1935
10/22/2014,2324,2366,2314,2350,1509
10/26/2014,2350,2359,2350,2350,428
10/27/2014,2350,2375,2349,2364,185
10/28/2014,2364,2364,2340,2350,1392
10/30/2014,2350,2376,2306,2325,2519
11/2/2014,2325,2325,2280,2290,1073
11/3/2014,2290,2255,2200,2200,3592
11/4/2014,2200,2210,2160,2210,2684
11/5/2014,2210,2218,2170,2206,6995
11/6/2014,2206,2235,2191,2220,7739
11/9/2014,2220,2252,2200,2217,11263
11/10/2014,2217,2249,2180,2200,6328
11/11/2014,2200,2200,2175,2200,6449
11/12/2014,2200,2209,2170,2170,11776
11/13/2014,1808,1830,1800,1800,99
11/16/2014,1800,1765,1670,1709,2309
11/17/2014,1709,1678,1611,1635,3945
11/18/2014,1635,1667,1564,1667,2897
11/19/2014,1667,1710,1634,1710,2153
11/20/2014,1710,1765,1700,1739,2401
11/23/2014,1739,1773,1695,1742,4018
11/24/2014,1742,1724,1710,1715,2010
11/25/2014,1715,1710,1666,1696,3089
11/30/2014,1696,1700,1680,1680,2125
12/1/2014,1680,1701,1670,1692,3262
12/2/2014,1692,1680,1635,1680,3265
12/3/2014,1680,1710,1665,1665,2392
12/4/2014,1665,1720,1687,1714,3338
12/7/2014,1714,1718,1700,1701,3015
12/8/2014,1701,1707,1700,1707,1571
12/9/2014,1707,1720,1700,1715,2452
12/10/2014,1715,1745,1682,1720,1666
12/11/2014,1720,1800,1686,1800,4183
12/14/2014,1800,1947,1836,1945,864
12/15/2014,1945,2000,1881,1950,3945
12/16/2014,1950,1950,1915,1926,3779
12/17/2014,1926,1915,1875,1875,2618
12/18/2014,1875,1938,1885,1938,701
12/22/2014,1938,1900,1825,1836,1715
12/23/2014,1836,1810,1800,1800,1178
12/24/2014,1800,1856,1800,1856,3276
12/28/2014,1856,1892,1858,1870,2045
12/29/2014,1870,1890,1835,1873,1493
12/31/2014,1873,1855,1820,1820,2162
1/1/2015,1820,1875,1835,1875,2383
1/4/2015,1875,1889,1866,1880,1918
1/5/2015,1880,1901,1855,1886,2264
1/6/2015,1886,1862,1852,1852,421
1/7/2015,1852,1898,1870,1885,1365
1/8/2015,1885,1901,1880,1890,1201
1/11/2015,1890,1881,1855,1855,1113
1/12/2015,1855,1859,1840,1855,490
1/13/2015,1855,1890,1825,1890,1921
1/14/2015,1890,1890,1866,1869,643
1/18/2015,1869,1894,1866,1894,1573
1/19/2015,1894,2038,1857,1982,22822
1/20/2015,1982,1950,1932,1950,2981
1/22/2015,1950,1940,1853,1940,2851
1/25/2015,1940,1960,1876,1950,2272
1/26/2015,1950,1986,1950,1950,3083
1/27/2015,1950,1974,1950,1974,1708
1/28/2015,1974,2020,1974,2020,4973
1/29/2015,2020,2030,1990,2012,2342
2/1/2015,2012,2060,1912,2051,2215
2/2/2015,2051,2062,2033,2050,5873
2/3/2015,2050,2055,2006,2021,4156
2/4/2015,2021,2025,2001,2010,4416
2/5/2015,2010,2020,1995,2012,3419
2/8/2015,2012,2017,2000,2010,1634
2/9/2015,2010,2010,1980,1990,2813
2/10/2015,1990,1998,1990,1998,1360
2/11/2015,1998,2000,1998,1998,418
2/12/2015,1998,2005,1985,2005,2850
2/15/2015,2005,2004,1996,2000,2124
2/16/2015,2000,2000,1985,1995,1483
2/19/2015,1995,1985,1975,1985,1539
2/22/2015,1985,1960,1930,1947,2341
2/23/2015,1947,1940,1905,1939,3583
2/24/2015,1939,1950,1915,1950,499
2/25/2015,1950,1952,1940,1952,1894
2/26/2015,1952,1960,1960,1960,65
3/1/2015,1926,1940,1903,1930,1809
3/2/2015,1930,1930,1920,1925,6343
3/3/2015,1925,1930,1920,1930,316
3/4/2015,1930,1961,1935,1940,1399
3/9/2015,1940,1975,1949,1961,2158
3/10/2015,1961,1972,1940,1942,1395
3/11/2015,1942,1960,1940,1960,855
3/12/2015,1960,1945,1930,1945,504
3/15/2015,1945,1930,1916,1925,851
3/16/2015,1925,1920,1910,1911,681
3/17/2015,1911,1920,1905,1906,1912
3/18/2015,1906,1917,1880,1901,1952
3/19/2015,1901,1925,1900,1925,803
3/22/2015,1925,1920,1900,1909,2388
3/23/2015,1909,1904,1888,1900,1911
3/24/2015,1900,1900,1880,1900,919
3/25/2015,1900,1901,1865,1887,1876
3/26/2015,1887,1887,1860,1870,1816
3/29/2015,1870,1880,1840,1880,794
3/30/2015,1880,1882,1879,1881,1513
3/31/2015,1881,1890,1875,1875,808
4/1/2015,1875,1875,1860,1875,232
4/2/2015,1875,1889,1855,1889,1601
4/5/2015,1889,1870,1850,1865,1849
4/6/2015,1865,1880,1830,1880,719
4/7/2015,1880,1870,1870,1870,134
4/8/2015,1870,1895,1865,1895,649
4/9/2015,1895,1930,1900,1905,633
4/12/2015,1905,1960,1900,1940,1785
4/13/2015,1940,1930,1895,1920,1721
4/15/2015,1920,1930,1895,1895,738
4/16/2015,1895,1950,1885,1950,1399
4/19/2015,1950,1930,1895,1925,1956
4/20/2015,1925,1940,1900,1940,1739
4/21/2015,1940,1930,1900,1930,6138
4/22/2015,1930,1916,1916,1916,58
4/23/2015,1900,1905,1870,1902,2509
5/25/2015,1902,1864,1712,1712,731
5/26/2015,1712,1695,1603,1650,7687
5/27/2015,1650,1640,1585,1615,2258
5/28/2015,1615,1632,1575,1602,4064
5/31/2015,1602,1723,1634,1723,2975
6/1/2015,1723,1841,1750,1819,2683
6/2/2015,1819,1850,1810,1850,1778
6/3/2015,1850,1908,1860,1908,1392
6/4/2015,1908,1930,1880,1900,2197
6/7/2015,1900,1911,1900,1910,1707
6/8/2015,1910,1940,1915,1935,478
6/9/2015,1935,2010,1963,2010,2923
6/10/2015,2010,2002,1980,1982,3961
6/11/2015,1982,1970,1940,1940,661
6/14/2015,1940,1965,1921,1925,1089
6/16/2015,1925,1930,1900,1900,600
6/17/2015,1900,1900,1881,1881,2620
6/18/2015,1881,1880,1880,1880,332
6/21/2015,1880,1875,1860,1875,436
6/22/2015,1870,1885,1860,1875,3016
6/23/2015,1861,1880,1851,1880,2293
6/24/2015,1880,1885,1880,1881,1352
6/25/2015,1885,1885,1850,1885,3274
6/28/2015,1895,1901,1886,1900,911
6/29/2015,1900,1920,1890,1905,3878
6/30/2015,1930,1930,1892,1909,2117
7/1/2015,1925,1925,1896,1909,2457
7/2/2015,1900,1910,1900,1905,2986
7/5/2015,1918,1920,1901,1919,2251
7/6/2015,1900,1923,1900,1923,902
7/7/2015,1904,1930,1902,1911,3906
7/8/2015,1916,1916,1905,1910,1567
7/9/2015,1920,1922,1900,1920,1628
7/12/2015,1920,1935,1900,1935,2796
7/13/2015,1925,1932,1907,1924,1398
7/14/2015,1924,1925,1910,1920,439
7/15/2015,1916,1930,1916,1930,1266
7/16/2015,1930,1930,1901,1910,2248
7/22/2015,1910,1925,1900,1900,3604
7/23/2015,1900,2010,1900,2010,6999
7/26/2015,2010,2091,2050,2091,2070
7/27/2015,2091,2300,2132,2300,46545
7/28/2015,2300,2305,2200,2250,15694
7/29/2015,2250,2250,2225,2240,7549
7/30/2015,2240,2346,2240,2300,5450
8/2/2015,2300,2346,2300,2310,6054
8/3/2015,2310,2310,2298,2309,6203
8/4/2015,2309,2310,2271,2289,6686
8/5/2015,2289,2290,2279,2289,6523
8/6/2015,2280,2340,2290,2300,9493
8/9/2015,2300,2398,2320,2398,7017
8/10/2015,2398,2493,2420,2490,7210
8/11/2015,2490,2500,2450,2470,5823
8/12/2015,2469,2480,2430,2471,4389
8/13/2015,2465,2500,2440,2499,7919
8/16/2015,2519,2650,2519,2595,8792
8/17/2015,2646,2750,2623,2690,14195
8/18/2015,2700,2784,2637,2700,14079
8/19/2015,2701,2709,2660,2690,7336
8/20/2015,2740,2794,2690,2695,8915
8/23/2015,2680,2719,2630,2670,7495
8/24/2015,2680,2680,2600,2610,7472
8/25/2015,2600,2600,2566,2579,2958
8/26/2015,2580,2585,2555,2556,1184
8/27/2015,2590,2615,2570,2580,5228
8/31/2015,2580,2600,2580,2599,5198
9/1/2015,2599,2606,2570,2579,4880
9/2/2015,2550,2550,2456,2480,5980
9/3/2015,2480,2505,2454,2465,7315
9/6/2015,2435,2475,2400,2450,7695
9/7/2015,2480,2510,2480,2499,6420
9/8/2015,2548,2548,2527,2531,5434
9/9/2015,2540,2550,2511,2511,2291
9/10/2015,2515,2515,2496,2500,3357
9/13/2015,2530,2530,2500,2505,3986
9/14/2015,2555,2630,2555,2578,5240
9/15/2015,2629,2674,2616,2674,7770
9/16/2015,2710,2720,2665,2675,8423
9/17/2015,2728,2725,2640,2640,7164
9/22/2015,2601,2601,2490,2510,6135
9/23/2015,2560,2710,2560,2600,4063
9/24/2015,2610,2610,2550,2575,2943
9/28/2015,2525,2524,2425,2491,7147
9/29/2015,2540,2550,2530,2540,1860
9/30/2015,2560,2580,2550,2560,3841
10/1/2015,2560,2579,2550,2550,4485
10/4/2015,2576,2600,2570,2570,3832
10/5/2015,2519,2519,2400,2440,8896
10/6/2015,2401,2415,2392,2395,5150
10/7/2015,2390,2390,2315,2350,4895
10/8/2015,2350,2440,2300,2435,8804
10/11/2015,2460,2480,2375,2375,5062
10/14/2015,2395,2398,2350,2375,1262
10/15/2015,2360,2360,2355,2360,645
10/18/2015,2350,2358,2350,2358,635
10/19/2015,2355,2430,2345,2400,1322
10/25/2015,2356,2356,2356,2356,200
10/27/2015,2340,2340,2280,2285,2207
10/28/2015,2235,2270,2190,2240,4705
10/29/2015,2242,2290,2242,2279,3741
11/1/2015,2279,2300,2250,2275,3800
11/2/2015,2290,2330,2290,2310,2382
11/3/2015,2300,2289,2266,2266,831
11/4/2015,2270,2280,2270,2280,1000
11/5/2015,2260,2260,2250,2250,1347
11/8/2015,2240,2251,2225,2249,1418
11/9/2015,2290,2320,2270,2280,2009
11/10/2015,2300,2320,2300,2310,850
11/15/2015,2280,2305,2275,2305,911
11/16/2015,2290,2290,2275,2288,628
11/18/2015,2315,2315,2300,2309,1524
11/19/2015,2300,2300,2288,2288,1574
11/22/2015,2250,2255,2200,2205,2830
11/23/2015,2180,2210,2100,2210,1707
11/24/2015,2200,2210,2170,2180,3418
11/25/2015,2160,2160,2125,2130,1678
11/26/2015,2130,2130,2060,2100,4339
11/29/2015,2100,2100,2000,2020,7340
11/30/2015,2060,2090,2046,2089,3522
12/1/2015,2090,2220,2131,2200,2984
12/2/2015,2244,2250,2181,2248,6332
12/3/2015,2205,2300,2205,2300,9386
12/4/2015,1769,1840,1799,1819,2215
12/7/2015,1850,1950,1850,1895,3087
12/8/2015,1870,1900,1858,1900,670
12/9/2015,1910,1940,1910,1940,2083
12/10/2015,1940,1940,1900,1900,1769
12/13/2015,1881,1903,1881,1903,1240
12/14/2015,1890,1890,1880,1890,1024
12/15/2015,1880,1890,1860,1880,1870
12/16/2015,1850,1865,1850,1854,1084
12/17/2015,1860,1860,1810,1842,17060
12/20/2015,1842,1844,1815,1830,2620
12/21/2015,1830,1825,1800,1800,3696
12/22/2015,1807,1841,1800,1840,11125
12/23/2015,1840,1840,1800,1821,4272
12/24/2015,1811,1830,1810,1815,10147
12/25/2015,1800,1820,1800,1800,6169
12/28/2015,1800,1820,1800,1820,3102
12/29/2015,1820,1854,1820,1853,2077
12/31/2015,1855,1870,1855,1860,1657
1/3/2016,1850,1860,1825,1840,2053
1/4/2016,1840,1850,1800,1800,2496
1/5/2016,1800,1829,1798,1802,4394
1/6/2016,1802,1808,1795,1795,2708
1/7/2016,1801,1815,1800,1815,2329
1/10/2016,1815,1825,1810,1820,1164
1/11/2016,1835,1835,1820,1826,3689
1/12/2016,1830,1830,1820,1830,1925
1/13/2016,1830,1830,1814,1814,3603
1/14/2016,1830,1860,1820,1850,5613
1/17/2016,1870,1899,1870,1890,3703
1/18/2016,1924,1965,1920,1927,9726
1/19/2016,1900,1930,1880,1920,1608
1/20/2016,1920,1935,1915,1921,3643
1/21/2016,1921,1920,1905,1905,2078
1/24/2016,1905,1910,1882,1895,2193
1/25/2016,1919,1920,1900,1915,4535
1/26/2016,1920,1904,1888,1898,3551
1/27/2016,1898,1900,1884,1885,2929
1/28/2016,1890,1899,1880,1890,2050
1/31/2016,1900,1900,1880,1890,3302
2/1/2016,1890,1923,1892,1905,3476
2/2/2016,1925,1929,1890,1900,3778
2/3/2016,1900,1905,1894,1900,2036
2/4/2016,1905,1935,1905,1917,4192
2/7/2016,1917,1970,1930,1935,4515
2/8/2016,1935,1935,1915,1919,3886
2/11/2016,1919,1930,1900,1912,3387
2/14/2016,1901,1901,1890,1900,4307
2/15/2016,1880,1900,1875,1900,2053
2/16/2016,1900,1890,1880,1880,1449
2/17/2016,1880,1886,1878,1886,5273
2/18/2016,1886,1898,1887,1893,3228
2/21/2016,1893,1925,1893,1907,4217
2/22/2016,1900,1976,1900,1955,4212
2/23/2016,1955,1985,1940,1950,5681
2/24/2016,1950,1960,1915,1915,4195
2/25/2016,1877,1925,1877,1921,4285
2/28/2016,1921,1929,1920,1920,2725
2/29/2016,1920,1920,1900,1906,5612
3/1/2016,1900,1915,1900,1900,4458
3/2/2016,1904,1907,1900,1900,7900
3/3/2016,1905,1907,1891,1900,5331
3/6/2016,1925,1932,1909,1909,6376
3/10/2016,1925,1925,1890,1900,5309
3/13/2016,1900,1905,1895,1904,6881
3/14/2016,1910,1910,1895,1895,2691
3/15/2016,1900,1900,1880,1890,2344
3/16/2016,1890,1905,1885,1895,4862
3/17/2016,1887,1909,1887,1900,4783
3/20/2016,1900,1919,1900,1910,6955
3/21/2016,1938,1938,1910,1919,5128
3/23/2016,1920,1930,1918,1925,9561
3/24/2016,1925,1986,1930,1985,19150
3/27/2016,1985,2115,1990,2111,24872
3/28/2016,2111,2200,2111,2120,21421
3/29/2016,2090,2120,2069,2099,12316
3/30/2016,2099,2110,2089,2090,9623
3/31/2016,2090,2099,2050,2060,6321
4/3/2016,2060,2065,2008,2044,16615
4/4/2016,2044,2075,2044,2065,6426
4/5/2016,2090,2110,2080,2091,9382
4/6/2016,2091,2105,2082,2092,6587
4/10/2016,2092,2099,2080,2090,6121
4/11/2016,2090,2100,2075,2100,5118
4/12/2016,2100,2115,2095,2110,12264
4/14/2016,2110,2121,2110,2120,16535
4/17/2016,2133,2133,2115,2119,16462
4/18/2016,2119,2174,2120,2170,19064
4/19/2016,2170,2234,2196,2200,20539
4/20/2016,2200,2280,2240,2260,12612
4/21/2016,2260,2261,2220,2241,10389
4/24/2016,2241,2261,2235,2251,23129
4/25/2016,2251,2260,2231,2260,12157
4/26/2016,2260,2258,2230,2235,6028
4/27/2016,2235,2234,2205,2232,5481
4/28/2016,2232,2260,2236,2237,6911
5/2/2016,2237,2303,2250,2302,13851
5/3/2016,2302,2320,2281,2281,7205
5/4/2016,2281,2270,2251,2260,7234
5/5/2016,2260,2244,2200,2232,11076
5/8/2016,2232,2295,2260,2270,17095
5/9/2016,2265,2290,2265,2280,11426
5/10/2016,2280,2284,2262,2269,5672
5/11/2016,2269,2269,2241,2269,6580
5/12/2016,2265,2265,2250,2252,1994
5/15/2016,2250,2260,2237,2237,6561
5/16/2016,2237,2248,2226,2227,4570
5/17/2016,2195,2270,2195,2270,6183
5/18/2016,2270,2270,2260,2270,7071
5/19/2016,2270,2294,2260,2281,12779
5/22/2016,2281,2290,2270,2273,8195
5/23/2016,2273,2286,2275,2275,17102
5/24/2016,2275,2315,2255,2310,22878
5/25/2016,2310,2340,2255,2280,17473
5/26/2016,2280,2295,2230,2271,21199
5/29/2016,2271,2275,2251,2268,8274
5/30/2016,2268,2260,2233,2241,5929
5/31/2016,2241,2260,2211,2220,14443
6/1/2016,2220,2230,2200,2220,13154
6/2/2016,2220,2220,2190,2208,7999
6/5/2016,2208,2205,2150,2150,9695
6/6/2016,2150,2200,2170,2195,5723
6/7/2016,2200,2240,2200,2235,2553
6/8/2016,2235,2241,2225,2241,3432
6/9/2016,2241,2241,2229,2239,6121
6/12/2016,2239,2360,2200,2341,10137
6/13/2016,2341,2433,2281,2310,11973
6/14/2016,2311,2330,2280,2280,13714
6/15/2016,2300,2310,2280,2289,4013
6/16/2016,2289,2298,2280,2295,6768
6/19/2016,2295,2299,2260,2275,2634
6/20/2016,2275,2300,2275,2276,5110
6/21/2016,2276,2295,2275,2286,7090
6/22/2016,2330,2330,2290,2308,8859
6/23/2016,2308,2380,2285,2340,15451
6/26/2016,2340,2412,2350,2400,17602
6/27/2016,2400,2460,2400,2450,26477
6/28/2016,2450,2509,2450,2471,17785
6/29/2016,2471,2490,2450,2450,5774
6/30/2016,2450,2432,2382,2410,7877
7/3/2016,2410,2404,2389,2400,7898
7/4/2016,2400,2400,2380,2395,5504
7/5/2016,2400,2400,2371,2380,9924
7/6/2016,2390,2399,2370,2375,7384
7/10/2016,2375,2408,2382,2395,12007
7/11/2016,2395,2400,2360,2380,4852
7/12/2016,2380,2382,2250,2363,11880
7/13/2016,2363,2340,2281,2330,6603
7/14/2016,2330,2397,2325,2344,8541
7/17/2016,2344,2395,2345,2370,7199
7/18/2016,2370,2417,2370,2389,12061
7/19/2016,2420,2450,2390,2415,16715
7/20/2016,2425,2463,2411,2420,14158
7/21/2016,2420,2445,2400,2425,8852
7/25/2016,2425,2480,2435,2460,10227
7/26/2016,2460,2500,2445,2450,15494
7/27/2016,2450,2480,2450,2466,13182
7/28/2016,2466,2500,2435,2465,16728
7/31/2016,2465,2495,2368,2463,9411
8/1/2016,2463,2470,2420,2451,4693
8/2/2016,2451,2440,2400,2440,2757
8/3/2016,2440,2412,2376,2385,5966
8/4/2016,2385,2385,2320,2342,7256
8/7/2016,2342,2399,2340,2345,6957
8/8/2016,2345,2316,2240,2240,5806
8/9/2016,2284,2329,2284,2329,100
8/10/2016,2375,2420,2290,2350,10863
8/11/2016,2397,2397,2340,2360,6065
8/14/2016,2360,2400,2321,2326,9548
8/15/2016,2295,2300,2205,2265,6011
8/16/2016,2250,2290,2215,2285,5042
8/17/2016,2290,2305,2275,2290,5701
8/21/2016,2300,2310,2280,2290,4223
8/22/2016,2280,2300,2265,2277,5345
8/23/2016,2300,2290,2270,2289,4326
8/24/2016,2300,2305,2280,2300,5288
8/28/2016,2340,2340,2274,2325,7682
8/29/2016,2335,2380,2320,2320,10886
8/30/2016,2350,2380,2350,2368,3240
8/31/2016,2350,2364,2340,2360,4905
9/1/2016,2361,2377,2350,2365,5878
9/4/2016,2372,2420,2372,2408,4415
9/5/2016,2456,2479,2450,2472,9127
9/6/2016,2470,2495,2395,2450,9151
9/7/2016,2499,2548,2450,2468,54493
9/8/2016,2462,2469,2430,2438,15550
9/11/2016,2420,2440,2400,2410,7702
9/12/2016,2405,2405,2375,2390,10027
9/14/2016,2437,2450,2400,2411,25405
9/18/2016,2430,2430,2360,2369,24822
9/20/2016,2390,2390,2340,2350,75157
9/22/2016,1808,1800,1750,1765,16998
9/25/2016,1808,1800,1750,1765,16998
9/26/2016,1691,1781,1685,1781,6711
9/27/2016,1785,1785,1760,1768,6462
9/28/2016,1770,1770,1757,1764,2686
9/29/2016,1765,1798,1760,1792,7195
10/2/2016,1800,1800,1780,1780,9133
10/3/2016,1795,1800,1782,1788,3604
10/4/2016,1795,1809,1795,1800,10545
10/5/2016,1810,1810,1780,1790,4046
10/6/2016,1791,1800,1780,1780,6546
10/16/2016,1780,1800,1760,1770,2605
10/17/2016,1743,1780,1743,1774,4532
10/18/2016,1774,1800,1746,1789,4476
10/19/2016,1789,1795,1781,1790,3025
10/20/2016,1780,1790,1775,1785,4051
10/23/2016,1785,1785,1762,1765,8690
10/24/2016,1770,1770,1740,1740,10127
10/25/2016,1740,1741,1702,1729,2830
10/26/2016,1744,1744,1705,1740,6550
10/27/2016,1730,1755,1730,1755,3259
11/3/2016,1760,1795,1760,1760,5932
11/7/2016,1760,1760,1735,1739,4023
11/8/2016,1740,1758,1712,1725,3671
11/9/2016,1695,1716,1675,1708,5692
11/10/2016,1700,1710,1697,1700,8482
11/13/2016,1690,1720,1690,1703,9265
11/14/2016,1703,1730,1703,1722,4633
11/15/2016,1712,1725,1710,1716,4705
11/16/2016,1721,1721,1695,1695,6094
11/17/2016,1705,1705,1660,1670,8823
11/20/2016,1637,1650,1596,1632,8592
11/21/2016,1620,1680,1605,1635,5441
11/22/2016,1635,1655,1605,1630,7277
11/23/2016,1626,1626,1596,1600,8590
11/24/2016,1605,1610,1589,1595,6007
11/27/2016,1583,1588,1540,1555,4670
11/28/2016,1525,1640,1450,1635,10412
11/29/2016,1641,1655,1600,1655,7847
11/30/2016,1640,1700,1640,1691,7451
12/1/2016,1700,1734,1652,1674,7265
12/4/2016,1660,1670,1600,1670,4200
12/5/2016,1660,1690,1610,1639,2489
12/6/2016,1630,1650,1618,1638,2942
12/7/2016,1640,1640,1625,1634,944
12/8/2016,1621,1635,1616,1630,2418
12/11/2016,1615,1615,1600,1600,2229
12/12/2016,1600,1605,1590,1590,3275
12/14/2016,1600,1605,1575,1580,3618
12/15/2016,1575,1596,1565,1582,3144
12/18/2016,1590,1590,1565,1575,2536
12/19/2016,1580,1581,1571,1580,6814
12/20/2016,1580,1581,1565,1570,4956
12/21/2016,1550,1561,1530,1533,2243
12/22/2016,1540,1540,1524,1530,4389
12/26/2016,1506,1518,1500,1508,5860
12/27/2016,1483,1500,1421,1479,3491
12/28/2016,1480,1485,1450,1475,6181
12/29/2016,1485,1519,1481,1519,3186
1/1/2017,1549,1548,1525,1530,3097
1/2/2017,1550,1550,1525,1544,10617
1/3/2017,1525,1550,1525,1525,5907
1/4/2017,1525,1529,1515,1515,1430
1/5/2017,1510,1520,1500,1505,4175
1/8/2017,1500,1510,1495,1510,2781
1/9/2017,1520,1529,1510,1519,1389
1/10/2017,1525,1551,1525,1538,3248
1/11/2017,1560,1565,1540,1565,4054
1/12/2017,1565,1565,1546,1560,1982
1/15/2017,1548,1550,1530,1540,2316
1/16/2017,1540,1540,1505,1508,5298
1/17/2017,1505,1525,1500,1505,3743
1/18/2017,1490,1512,1490,1504,5013
1/19/2017,1510,1515,1500,1500,3585
1/22/2017,1500,1515,1500,1506,2713
1/23/2017,1515,1516,1500,1500,2874
1/24/2017,1491,1500,1481,1487,2963
1/25/2017,1459,1459,1426,1441,7828
1/26/2017,1420,1445,1400,1432,4524
1/30/2017,1425,1425,1350,1365,6198
1/31/2017,1338,1390,1304,1390,7174
2/1/2017,1400,1450,1400,1442,5711
2/2/2017,1470,1485,1440,1455,5462
2/5/2017,1441,1480,1412,1460,4887
2/6/2017,1455,1455,1420,1420,3203
2/7/2017,1422,1422,1400,1405,7394
2/8/2017,1420,1420,1382,1395,6077
2/9/2017,1390,1391,1370,1370,4797
2/12/2017,1343,1343,1295,1305,11250
2/13/2017,1305,1380,1275,1370,10589
2/14/2017,1370,1375,1346,1360,8847
2/15/2017,1387,1412,1370,1412,6199
2/16/2017,1433,1458,1415,1454,7357
2/19/2017,1460,1500,1427,1496,7010
2/20/2017,1519,1549,1510,1517,6929
2/21/2017,1550,1550,1495,1515,7723
2/22/2017,1491,1505,1475,1485,1883
2/23/2017,1485,1485,1465,1471,2710
2/26/2017,1470,1470,1405,1405,4770
2/28/2017,1400,1400,1377,1395,4357
3/1/2017,1400,1407,1388,1400,8356
3/2/2017,1402,1421,1401,1420,3487
3/5/2017,1395,1461,1395,1450,5909
3/6/2017,1460,1470,1451,1469,3287
3/7/2017,1440,1450,1424,1435,4045
3/9/2017,1442,1463,1436,1436,3014
3/13/2017,1440,1460,1435,1455,2366
3/14/2017,1462,1465,1440,1449,1385
3/15/2017,1421,1449,1421,1440,1235
3/16/2017,1431,1449,1431,1440,3233
3/19/2017,1440,1446,1430,1440,4640
3/20/2017,1445,1465,1440,1460,10234
3/21/2017,1468,1475,1450,1475,7625
3/22/2017,1480,1538,1480,1481,12277
3/23/2017,1490,1499,1465,1470,8543
3/26/2017,1499,1529,1480,1500,14931
3/28/2017,1500,1581,1529,1575,9939
3/29/2017,1575,1606,1550,1570,18088
3/30/2017,1570,1570,1541,1550,9746
4/2/2017,1580,1591,1560,1579,8810
4/3/2017,1610,1716,1550,1577,15195
4/4/2017,1594,1594,1550,1580,8995
4/6/2017,1580,1580,1556,1570,5503
4/9/2017,1575,1585,1539,1568,4935
4/10/2017,1560,1575,1550,1575,8280
4/11/2017,1598,1628,1592,1600,9167
4/12/2017,1632,1635,1592,1615,8132
4/13/2017,1585,1600,1565,1590,4916
4/16/2017,1565,1590,1540,1556,2911
4/18/2017,1540,1556,1515,1515,2972
4/19/2017,1515,1545,1500,1540,3753
4/20/2017,1540,1570,1540,1551,4148
4/23/2017,1582,1650,1580,1600,7375
4/24/2017,1580,1600,1575,1595,4041
4/25/2017,1570,1596,1570,1590,3009
4/26/2017,1570,1579,1565,1574,2038
4/27/2017,1580,1581,1557,1580,3571
4/30/2017,1550,1580,1545,1545,6533
5/2/2017,1540,1545,1535,1535,2341
5/3/2017,1565,1596,1560,1569,3461
5/4/2017,1570,1570,1552,1560,2743
5/7/2017,1560,1560,1525,1535,3218
5/8/2017,1564,1564,1520,1540,2702
5/9/2017,1540,1580,1550,1560,2023
5/11/2017,1562,1570,1560,1560,2672
5/15/2017,1575,1577,1560,1560,3167
5/16/2017,1560,1560,1536,1558,1888
5/17/2017,1558,1560,1550,1560,2503
5/18/2017,1560,1565,1540,1554,5123
5/21/2017,1535,1560,1535,1550,1204
5/22/2017,1545,1559,1535,1538,1271
5/23/2017,1549,1560,1540,1550,3558
5/24/2017,1550,1557,1541,1557,3326
5/28/2017,1550,1553,1535,1538,4688
5/30/2017,1531,1545,1499,1500,4117
5/31/2017,1499,1515,1490,1500,5049
6/1/2017,1506,1525,1495,1500,8966
6/4/2017,1501,1501,1470,1480,8738
6/5/2017,1509,1509,1480,1500,3695
6/6/2017,1530,1530,1500,1519,8003
6/7/2017,1540,1540,1514,1515,10804
6/8/2017,1505,1515,1500,1512,3132
6/11/2017,1512,1512,1470,1473,6190
6/12/2017,1451,1479,1451,1460,9507
6/13/2017,1460,1479,1455,1460,5712
6/14/2017,1460,1460,1450,1452,10596
6/15/2017,1460,1504,1458,1480,4356
6/18/2017,1480,1480,1453,1459,3120
6/19/2017,1460,1460,1445,1452,6395
6/20/2017,1451,1455,1436,1442,4585
6/21/2017,1450,1460,1450,1460,3699
6/22/2017,1484,1484,1451,1452,3172
6/25/2017,1475,1490,1465,1489,3963
6/27/2017,1495,1499,1485,1491,3543
6/28/2017,1500,1500,1485,1499,4402
7/2/2017,1499,1499,1460,1479,3363
7/3/2017,1479,1480,1470,1475,2096
7/4/2017,1479,1479,1472,1476,2778
7/5/2017,1476,1485,1475,1475,2783
7/6/2017,1475,1500,1475,1500,3154
7/9/2017,1500,1525,1490,1500,6988
7/10/2017,1505,1505,1490,1493,6071
7/11/2017,1500,1510,1500,1506,3583
7/12/2017,1510,1520,1510,1519,2244
7/13/2017,1515,1525,1512,1523,2709
7/16/2017,1515,1530,1500,1530,2912
7/17/2017,1540,1599,1540,1597,11170
7/18/2017,1600,1650,1599,1638,12310
7/19/2017,1668,1670,1650,1658,12595
7/20/2017,1669,1670,1656,1658,6554
7/23/2017,1665,1665,1630,1635,4811
7/24/2017,1640,1650,1600,1610,4650
7/25/2017,1620,1620,1607,1612,5546
7/26/2017,1613,1643,1612,1620,3897
7/27/2017,1625,1640,1625,1627,4790
7/30/2017,1610,1630,1610,1620,3503
7/31/2017,1626,1629,1620,1622,3329
8/1/2017,1630,1642,1625,1635,3486
8/2/2017,1640,1640,1630,1638,4095
8/3/2017,1638,1675,1652,1667,15706
8/6/2017,1700,1733,1700,1728,18127
8/7/2017,1762,1773,1750,1768,17674
8/9/2017,1775,1798,1775,1780,12288
8/10/2017,1779,1779,1736,1758,10168
8/13/2017,1762,1769,1745,1750,9970
8/15/2017,1741,1749,1720,1720,5048
8/16/2017,1725,1735,1713,1718,7982
8/17/2017,1718,1751,1710,1737,10056
8/20/2017,1740,1760,1732,1735,5888
8/21/2017,1730,1730,1715,1720,3081
8/22/2017,1720,1730,1717,1729,5422
8/23/2017,1730,1740,1730,1730,4741
8/24/2017,1730,1730,1718,1729,4183
8/27/2017,1729,1810,1755,1767,31262
8/28/2017,1775,1799,1758,1766,20703
8/30/2017,1765,1770,1722,1737,11486
8/31/2017,1737,1750,1699,1700,13665
9/4/2017,1701,1701,1640,1665,13365
9/6/2017,1670,1715,1670,1694,19799
9/7/2017,1700,1700,1675,1677,28839
9/10/2017,1680,1688,1632,1634,29951
9/11/2017,1640,1650,1613,1630,63239
9/12/2017,1254,1235,1191,1191,16172
9/13/2017,1171,1190,1170,1185,6694
9/14/2017,1202,1210,1189,1205,9574
9/17/2017,1210,1255,1210,1245,8537
9/18/2017,1255,1270,1255,1264,6829
9/20/2017,1274,1274,1254,1254,5611
9/24/2017,1251,1260,1242,1254,8497
9/25/2017,1264,1265,1258,1260,2474
9/26/2017,1265,1265,1251,1263,6134
10/3/2017,1250,1265,1243,1265,1586
10/4/2017,1260,1269,1245,1245,5471
10/8/2017,1245,1245,1200,1215,5817
10/9/2017,1225,1225,1200,1205,6902
10/10/2017,1200,1211,1190,1206,2185
10/11/2017,1205,1209,1199,1200,5616
10/12/2017,1205,1205,1195,1200,6092
10/15/2017,1212,1219,1200,1219,1432
10/16/2017,1225,1285,1220,1280,6273
10/17/2017,1290,1291,1265,1273,6476
10/18/2017,1270,1280,1264,1277,4812
10/22/2017,1280,1285,1270,1272,1070
10/23/2017,1272,1280,1260,1265,1708
10/24/2017,1265,1270,1251,1257,2908
10/25/2017,1265,1265,1235,1235,2350
10/29/2017,1240,1240,1225,1230,2416
10/30/2017,1220,1234,1220,1227,5881
10/31/2017,1225,1225,1210,1219,4315
11/1/2017,1235,1235,1220,1220,3253
11/2/2017,1210,1230,1208,1215,7706
11/5/2017,1210,1210,1194,1203,7767
11/6/2017,1203,1200,1180,1190,5666
11/7/2017,1191,1195,1175,1179,9207
11/8/2017,1179,1180,1165,1165,4291
11/9/2017,1165,1165,1130,1130,18364
11/12/2017,1130,1150,1121,1150,10024
11/13/2017,1150,1165,1150,1161,10925
11/14/2017,1165,1200,1163,1200,11066
11/15/2017,1200,1208,1197,1200,8902
11/16/2017,1200,1200,1180,1188,4677
11/19/2017,1182,1200,1168,1168,2558
11/20/2017,1157,1157,1140,1140,11937
11/21/2017,1130,1162,1130,1145,4337
11/22/2017,1164,1168,1160,1166,3050
11/23/2017,1166,1175,1166,1166,5085
11/26/2017,1166,1180,1170,1175,7461
11/27/2017,1180,1184,1160,1165,7045
11/28/2017,1165,1180,1165,1178,5031
11/29/2017,1180,1190,1180,1180,11254
11/30/2017,1180,1190,1170,1179,8116
12/4/2017,1181,1181,1166,1166,4406
12/5/2017,1170,1170,1155,1170,4113
12/6/2017,1170,1180,1165,1168,4018
12/10/2017,1170,1176,1155,1164,9654
12/11/2017,1165,1167,1152,1167,2773
12/12/2017,1164,1170,1153,1160,950
12/13/2017,1160,1160,1155,1156,2013
12/14/2017,1160,1169,1159,1169,372
12/17/2017,1160,1160,1150,1157,3691
12/18/2017,1160,1164,1160,1160,1545
12/19/2017,1155,1161,1155,1155,2366
12/20/2017,1150,1160,1145,1155,2665
12/21/2017,1165,1160,1145,1149,4245
12/24/2017,1150,1155,1148,1150,4231
12/26/2017,1150,1155,1130,1145,2029
12/27/2017,1130,1143,1130,1134,2831
12/28/2017,1125,1129,1085,1090,15690
12/31/2017,1090,1090,1015,1020,19263
1/1/2018,1020,1065,1020,1065,15122
1/2/2018,1065,1101,1065,1080,24418
1/3/2018,1100,1100,1050,1055,12532
1/4/2018,1060,1081,1059,1080,7265
1/7/2018,1076,1090,1074,1081,8667
1/8/2018,1089,1097,1080,1089,14120
1/9/2018,1089,1100,1089,1090,9727
1/10/2018,1093,1093,1070,1070,12309
1/14/2018,1067,1073,1055,1065,9390
1/16/2018,1066,1066,1025,1030,22276
1/17/2018,1026,1045,1010,1039,20617
1/21/2018,1035,1045,1025,1039,12003
1/22/2018,1040,1043,1033,1039,11946
1/23/2018,1030,1040,1030,1031,6612
1/24/2018,1032,1032,1010,1015,19823
1/25/2018,1020,1039,1020,1037,8156
1/28/2018,1045,1055,1044,1048,10059
1/29/2018,1045,1055,1045,1052,11653
1/31/2018,1062,1070,1058,1070,10033
2/1/2018,1075,1098,1075,1090,12664
2/4/2018,1090,1099,1086,1086,19894
2/5/2018,1090,1092,1074,1077,12146
2/6/2018,1070,1073,1065,1072,4578
2/7/2018,1065,1066,1060,1066,7436
2/8/2018,1066,1070,1057,1065,8717
2/11/2018,1068,1070,1060,1070,6351
2/12/2018,1072,1074,1061,1062,6125
2/14/2018,1075,1075,1060,1068,11870
2/15/2018,1075,1104,1075,1104,18692
2/18/2018,1104,1126,1106,1112,19540
2/20/2018,1120,1130,1093,1100,9378
2/21/2018,1095,1096,1085,1095,2594
2/22/2018,1100,1100,1086,1090,8036
2/25/2018,1090,1090,1065,1075,10323
2/26/2018,1080,1085,1059,1060,12348
2/27/2018,1060,1075,1055,1068,19270
2/28/2018,1060,1067,1055,1060,12588
3/4/2018,1045,1045,1022,1034,13490
3/6/2018,1035,1060,1025,1050,15880
3/7/2018,1051,1065,1051,1060,21280
3/11/2018,1060,1060,1040,1044,11768
3/12/2018,1044,1043,1035,1043,8110
3/13/2018,1037,1041,1024,1030,14786
3/14/2018,1040,1040,1030,1030,9600
3/15/2018,1030,1035,1023,1024,11196
3/18/2018,1025,1029,1019,1025,12162
3/19/2018,1030,1030,1012,1015,12030
3/20/2018,1010,1015,998,1015,23717
3/21/2018,1000,1001,985,985,20783
3/22/2018,976,990,969,975,20012
3/26/2018,975,965,920,925,16921
3/27/2018,925,950,888,939,25557
3/28/2018,950,968,931,968,23753
3/29/2018,974,987,967,970,18810
4/1/2018,975,975,917,945,15347
4/2/2018,945,949,937,945,8678
4/3/2018,945,950,939,950,11371
4/4/2018,952,965,950,965,16959
4/5/2018,970,978,965,970,27949
4/8/2018,972,1010,972,999,31730
4/9/2018,1015,1030,994,995,35267
4/10/2018,990,1000,980,986,11944
4/11/2018,983,994,980,987,8026
4/12/2018,999,999,988,988,14218
4/15/2018,989,999,979,990,13102
4/16/2018,990,999,980,996,8325
4/17/2018,996,1005,997,1002,16009
4/18/2018,1005,1050,999,1040,21999
4/19/2018,1050,1060,1041,1055,15695
4/22/2018,1055,1076,1058,1065,20691
4/23/2018,1081,1081,1050,1051,16208
4/24/2018,1055,1064,1032,1032,8229
4/25/2018,1040,1045,1030,1040,10589
4/26/2018,1050,1050,1020,1030,13380
4/29/2018,1015,1020,1002,1015,7378
5/2/2018,1013,1025,996,1009,10811
5/3/2018,1011,1025,1009,1009,6662
5/6/2018,1005,1006,1000,1005,6340
5/7/2018,1010,1010,998,999,6050
5/8/2018,1006,1010,997,1010,8831
5/9/2018,1010,1014,1003,1003,7968
5/10/2018,1003,1010,996,1003,3212
5/14/2018,1003,1004,990,1000,8898
5/15/2018,1000,1007,995,1002,2596
5/16/2018,1002,1002,999,1000,6058
5/17/2018,1005,1005,1001,1002,3295
5/20/2018,1022,1022,1000,1003,9372
5/21/2018,1000,1010,996,999,6405
5/22/2018,1000,1003,995,995,6365
5/23/2018,995,999,984,987,5655
5/24/2018,987,999,990,990,5307
5/27/2018,990,990,978,988,3069
5/28/2018,989,1012,985,1012,4170
5/29/2018,1007,1010,999,999,4198
5/30/2018,1000,1013,999,1000,2360
5/31/2018,1005,1005,995,1000,3164
6/3/2018,1000,1000,980,980,5913
6/4/2018,970,985,970,979,3875
6/6/2018,998,1000,988,990,1882
6/7/2018,990,990,975,975,4786
6/10/2018,970,970,944,956,5466
6/11/2018,955,975,945,955,5198
6/12/2018,960,960,945,955,4558
6/13/2018,960,960,945,955,3803
6/14/2018,960,963,955,958,947
6/17/2018,955,959,940,942,3161
6/18/2018,945,955,937,943,2878
6/19/2018,944,944,940,941,1365
6/20/2018,940,945,940,940,3344
6/21/2018,945,945,940,942,2308
6/24/2018,943,943,936,942,4494
6/25/2018,945,945,930,932,4988
6/26/2018,925,931,922,930,1174
6/27/2018,930,935,921,930,5047
6/28/2018,932,955,931,931,2623
7/1/2018,910,910,904,907,5960
7/2/2018,908,909,904,906,5552
7/3/2018,920,926,918,920,5734
7/4/2018,920,920,913,917,6221
7/5/2018,920,928,919,924,12676
7/8/2018,942,953,928,940,12880
7/9/2018,941,941,918,919,11028
7/10/2018,920,926,917,917,3949
7/11/2018,920,928,917,918,9218
7/12/2018,915,922,911,912,5387
7/15/2018,912,920,912,920,5465
7/16/2018,915,921,903,920,10813
7/17/2018,917,917,899,900,64608
7/18/2018,905,905,897,900,28537
7/19/2018,900,905,898,900,36821
7/22/2018,900,900,897,900,6188
7/23/2018,899,900,898,900,11306
7/24/2018,900,905,898,899,20936
7/25/2018,900,900,897,897,7248
7/26/2018,900,908,899,905,13263
7/29/2018,919,919,909,910,5574
7/30/2018,910,913,907,909,5174
7/31/2018,905,910,905,906,5144
8/1/2018,910,910,904,907,5960
8/2/2018,908,909,904,906,5552
8/5/2018,906,907,900,905,6414
8/6/2018,907,907,900,903,6662
8/7/2018,919,919,904,904,2142
8/8/2018,905,910,903,904,2673
8/9/2018,922,922,904,909,3307
8/12/2018,910,910,894,900,6359
8/13/2018,900,907,900,907,5383
8/14/2018,907,907,900,907,6383
8/15/2018,916,940,913,935,17869
8/16/2018,930,966,930,957,17494
8/19/2018,960,965,954,958,11046
8/20/2018,960,960,942,946,9155
8/21/2018,948,947,940,940,4925
8/22/2018,935,945,935,945,2174
8/23/2018,945,945,941,945,4749
8/26/2018,945,948,944,945,5990
8/28/2018,946,950,943,949,6091
8/29/2018,947,949,945,948,3171
8/30/2018,950,952,945,947,5231
9/2/2018,949,952,946,950,7021
9/3/2018,969,970,955,964,7503
9/4/2018,970,971,961,966,8115
9/5/2018,967,974,965,970,10041
9/6/2018,972,984,963,965,16518
9/9/2018,955,974,955,970,7541
9/10/2018,965,967,960,964,7438
9/11/2018,965,969,960,966,6852
9/12/2018,966,967,965,965,4296
9/13/2018,966,970,966,968,5373
9/16/2018,970,974,968,969,9770
9/17/2018,967,970,965,968,1984
9/18/2018,970,970,966,968,5243
9/20/2018,970,970,960,962,6516
9/23/2018,961,964,950,961,3193
9/25/2018,965,965,960,964,4909
9/26/2018,960,969,960,966,9356
9/27/2018,960,970,960,961,3070
9/30/2018,961,961,950,950,7218
10/1/2018,955,956,934,945,2593
10/2/2018,945,950,940,945,3936
10/3/2018,945,945,932,942,5114
10/4/2018,940,958,916,943,5142
10/7/2018,944,944,927,927,5803
10/8/2018,927,944,927,929,3337
10/9/2018,931,939,927,929,2484
10/10/2018,929,932,927,930,4393
10/11/2018,931,937,929,931,5113
10/14/2018,935,939,935,938,1925
10/15/2018,940,956,940,953,1245
10/21/2018,955,955,950,953,193
10/22/2018,951,959,950,951,1928
10/23/2018,955,960,950,960,2006
10/24/2018,960,970,956,962,3191
10/25/2018,963,963,956,956,1044
10/28/2018,956,956,939,942,2511
10/29/2018,939,945,939,940,2862
10/30/2018,940,945,940,940,1768
10/31/2018,941,952,940,952,2427
11/1/2018,940,949,940,946,1572
11/4/2018,947,947,938,940,2099
11/5/2018,939,940,935,938,2736
11/14/2018,919,920,915,919,4373
11/15/2018,919,940,919,926,7548
11/18/2018,927,930,916,916,3113
11/19/2018,917,918,908,918,2568
11/20/2018,917,918,902,902,760
11/21/2018,902,906,890,906,3991
11/22/2018,906,915,900,900,4595
11/25/2018,900.34,904,898,898,3792
11/26/2018,898.76,898.76,888,888,5967
11/27/2018,888.58,899,885,889,4029
11/28/2018,889,900,888,889,5451
11/29/2018,889,890,882,882,3294
12/2/2018,882.14,882.14,865,865,4594
12/3/2018,865,875,862,863,3135
12/4/2018,863,863,841,860,13920
12/6/2018,851,851,830,850,6099
12/9/2018,850,856,850,852,4171
12/10/2018,852,860,850,853,8181
12/11/2018,853,860,844,855,3869
12/12/2018,855,860,845,851,3175
12/13/2018,851,855,847,847,4879
12/16/2018,847,859,847,853,9410
12/17/2018,853,869,850,862,2512
12/18/2018,862,862,856,858,5028
12/19/2018,858,860,850,850,7082
12/20/2018,850,860,845,851,3393
12/23/2018,851,870,851,870,8974
12/24/2018,870,876,865,868,5253
12/25/2018,868,870,855,862,1588
12/26/2018,862,870,860,864,7037
12/27/2018,864,880,864,865,6193
12/30/2018,865,877,865,866,4130
12/31/2018,866,879,860,860,7285
1/1/2019,860,863,851,851,5002
1/2/2019,851,859,850,850,5122
1/3/2019,850,855,841,841,9928
1/6/2019,841,848,835,837,7310
1/8/2019,835,839,835,837,3971
1/9/2019,837,840,834,834,4380
1/10/2019,834,848,834,835,5480
1/13/2019,835,851,835,838,3132
1/14/2019,838,844,830,836,4045
1/15/2019,836,842,834,842,2708
1/16/2019,842,858,841,845,2960
1/17/2019,845,845,836,844,2128
1/20/2019,844,850,844,850,2650
1/21/2019,850,848,836,843,3420
1/22/2019,843,845,841,842,1670
1/23/2019,842,850,838,838,4189
1/24/2019,838,843,838,840,2567
1/27/2019,840,841,832,838,3910
1/28/2019,838,838,832,834,2227
1/29/2019,834,835,830,830,6286
1/30/2019,830,841,830,837,3605
1/31/2019,837,844,837,841,4408
2/3/2019,842,845,840,841,4165
2/4/2019,837,841,825,829,5154
2/5/2019,829,835,829,830,2150
2/6/2019,825,830,825,828,3267
2/7/2019,828,835,826,831,3757
2/10/2019,830,831,820,824,2399
2/11/2019,830,830,823,825,3879
2/12/2019,826,830,825,825,2448
2/13/2019,830,830,818,822,3151
2/14/2019,820,825,818,818,2494
2/17/2019,829,829,807,807,6470
2/18/2019,815,815,778,783,29718
2/19/2019,793,795,776,793,7663
2/20/2019,793,793,780,789,9080
2/21/2019,792,803,789,803,17561
2/24/2019,810,810,792,795,15486
2/25/2019,795,799,789,794,31622
2/26/2019,700,708.93,678,687,9887
2/27/2019,686,689,681,687,4794
3/3/2019,690,691,680,682,8715
3/5/2019,682,690,681,683,6279
3/6/2019,683,688,680,686,10200
3/7/2019,689,690,685,688,7555
3/9/2019,689,690,686,690,1672
3/10/2019,689,690,686,690,1672
3/11/2019,694,700,691,696,16082
3/12/2019,705,719,696,719,12424
3/13/2019,725,731,715,715,11208
3/14/2019,719,720,708,715,3812
3/17/2019,715,730,715,722,9881
3/18/2019,726,730,722,722,9174
3/19/2019,722,724,718,723,1020
3/21/2019,722,722,708,710,8927
3/24/2019,721,721,709,712,5859
3/25/2019,709,716,709,712,7028
3/26/2019,710,712,706,712,3898
3/27/2019,712,715,709,709,9163
3/28/2019,708,719,708,714,5004
3/31/2019,715,717,707,712,7019
4/1/2019,713,714,709,712,11973
4/2/2019,713,718,710,717,15403
4/3/2019,731,731,712,724,14196
4/4/2019,724,728,718,727,8188
4/7/2019,730,732,721,732,23725
4/8/2019,732,755,730,740,23599
4/9/2019,741,750,740,743,12325
4/10/2019,749,749,735,740,8232
4/11/2019,742,743,736,736,7882
4/15/2019,736,746,736,746,3377
4/16/2019,749,773,747,766,6057
4/17/2019,766,780,766,773,11183
4/18/2019,785,810,785,810,15287
4/21/2019,815,867,815,866,28899
4/22/2019,880,900,868,880,29675
4/23/2019,875,890,859,881,15000
4/24/2019,881,894,864,878,6811
4/25/2019,890,895,877,880,9441
4/28/2019,885,891,873,873,9506
4/29/2019,875,880,866,868,8403
4/30/2019,871,871,851,856,7584
5/2/2019,850,855,845,847,6201
5/5/2019,843,844,830,835,9479
5/6/2019,845,855,834,851,8355
5/7/2019,856,869,850,850,8243
5/8/2019,855,855,840,846,7578
5/9/2019,862,862,838,841,2950
5/12/2019,841,845,831,841,3539
5/13/2019,845,855,841,844,2652
5/14/2019,840,850,837,848,3614
5/15/2019,848,860,844,851,5163
5/16/2019,851,858,845,845,6365
5/19/2019,855,855,831,843,6356
5/20/2019,849,849,830,830,5507
5/21/2019,829,840,827,840,4169
5/22/2019,856,856,835,841,1981
5/23/2019,843,845,835,841,5508
5/26/2019,857,857,835,840,5463
5/27/2019,835,840,835,840,2539
5/28/2019,830,844,830,836,2822
5/29/2019,840,840,837,840,3151
5/30/2019,856,882,847,847,9146
6/2/2019,848,848,832,834,6077
6/3/2019,835,835,830,833,2874
6/4/2019,843,843,829,829,3935
6/6/2019,832,832,826,828,4877
6/10/2019,820,842,820,826,4518
6/11/2019,825,826,820,822,8030
6/12/2019,818,823,815,820,8943
6/13/2019,820,834,818,827,9849
6/16/2019,820,822,813,814,13511
6/17/2019,814,816,807,816,10347
6/18/2019,816,816,806,814,8230
6/19/2019,829,829,803,814,3158
6/20/2019,814,814,805,812,4301
6/23/2019,820,820,804,805,5595
6/24/2019,807,808,802,808,3446
6/25/2019,805,810,800,810,4883
6/26/2019,810,810,802,804,7826
6/27/2019,805,815,799,800,12955
6/30/2019,806,806,785,785,28406
7/1/2019,783,785,780,785,8539
7/2/2019,781,785,775,784,9500
7/3/2019,787,799,775,795,7949
7/4/2019,796,800,795,798,10401
7/7/2019,800,805,790,790,6481
7/8/2019,790,790,785,787,4253
7/9/2019,787,806,786,806,11678
7/10/2019,803,815,801,811,9931
7/11/2019,813,824,813,823,8966
7/14/2019,824,827,820,825,3781
7/15/2019,826,833,799,799,30861
7/16/2019,838,838,792,800,25920
7/17/2019,800,814,800,813,17512
7/18/2019,820,820,808,812,15304
7/21/2019,808,810,800,801,19195
7/22/2019,810,819,803,805,19698
7/23/2019,810,810,802,808,13387
7/24/2019,815,815,805,812,17884
7/25/2019,807,811,800,805,11336
7/28/2019,808,808,796,797,17431
7/29/2019,800,805,798,803,10970
7/30/2019,803,805,800,801,10926
7/31/2019,800,805,800,800,9199
8/1/2019,802,805,800,801,11281
8/4/2019,802,803,796,799,11095
8/5/2019,795,800,795,800,9946
8/6/2019,795,795,789,790,13321
8/7/2019,790,795,784,790,9174
8/8/2019,794,796,787,790,10432
8/11/2019,788,788,781,784,9920
8/12/2019,782,788,782,783,5650
8/13/2019,785,785,781,782,6190
8/14/2019,784,784,775,779,11640
8/15/2019,782,785,780,784,13055
8/18/2019,790,790,779,779,12387
8/19/2019,765,784,776,778,10297
8/20/2019,782,782,777,778,12518
8/21/2019,777,779,775,778,13659
8/22/2019,778,781,777,777,7473
8/25/2019,771,780,771,776,7386
8/26/2019,776,776,760,775,23330
8/27/2019,772,780,771,778,5949
8/28/2019,780,790,770,770,4274
8/29/2019,771,775,768,770,9213
9/1/2019,771,772,767,769,9261
9/2/2019,769,769,756,758,6969
9/3/2019,758,775,750,774,8894
9/4/2019,780,781,770,777,15241
9/5/2019,792,792,777,780,8861
9/8/2019,778,781,775,776,9562
9/9/2019,775,778,770,776,4931
9/10/2019,772,775,767,769,7569
9/11/2019,765,772,765,772,4673
9/12/2019,770,771,765,770,10514
9/15/2019,770,775,759,759,6359
9/16/2019,756,756,742,742,10591
9/17/2019,745,766,745,750,10137
9/18/2019,765,780,762,775,7924
9/19/2019,784,784,770,770,13287
9/22/2019,768,770,762,765,7591
9/23/2019,761,768,760,760,6194
9/24/2019,760,760,757,760,7998
9/26/2019,760,762,755,759,3989
9/29/2019,760,760,751,752,3598
9/30/2019,760,760,754,760,4706
10/1/2019,763,777,761,772,2719
10/2/2019,777,780,770,772,4486
10/3/2019,778,778,769,769,5226
10/10/2019,765,773,765,770,728
10/14/2019,770,770,757,765,16518
10/15/2019,765,765,760,763,4973
10/16/2019,768,768,754,762,4902
10/17/2019,762,765,759,760,8157
10/20/2019,766,766,756,757,4145
10/21/2019,757,764,755,758,6056
10/22/2019,758,762,754,756,17493
10/23/2019,756,765,756,762,3122
10/24/2019,765,768,755,768,8808
10/31/2019,768,768,753,761,6352
11/3/2019,760,760,752,760,8041
11/4/2019,764,780,762,768,25965
11/5/2019,775,777,763,770,16182
11/6/2019,774,774,765,768,13493
11/7/2019,772,772,755,755,23312
11/10/2019,760,763,753,755,10153
11/11/2019,759,765,750,753,15505
11/12/2019,760,765,749,750,21447
11/13/2019,750,755,750,750,6681
11/14/2019,750,754,749,749,3797
11/17/2019,753,755,745,755,7383
11/18/2019,755,756,750,755,23592
11/19/2019,755,755,750,753,18207
11/20/2019,755,760,750,750,29088
11/21/2019,750,750,739,740,7681
11/24/2019,739,742,730,730,12391
11/25/2019,731,732,727,727,10567
11/26/2019,726,735,725,730,8682
11/27/2019,731,735,729,732,18463
11/28/2019,732,733,724,725,15634
12/1/2019,725,730,723,723,24232
12/2/2019,726,726,723,725,6572
12/3/2019,728,730,725,725,9589
12/4/2019,727,729,725,725,9772
12/5/2019,730,737,728,730,13130
12/8/2019,739,739,725,729,11013
12/9/2019,730,749,730,736,5466
12/10/2019,736,745,736,743,4466
12/11/2019,745,750,743,747,8847
12/12/2019,750,751,744,749,16206
12/15/2019,755,755,748,752,9306
12/16/2019,750,750,737,737,11742
12/17/2019,746,747,739,743,9416
12/18/2019,748,750,742,748,15298
12/19/2019,749,755,749,753,15015
12/22/2019,755,760,750,756,34362
12/23/2019,760,762,750,750,66023
12/24/2019,662,670,660,667,22863
12/25/2019,665,669,665,669,12220
12/26/2019,667,677,665,676,14538
12/29/2019,678,679,673,674,14830
12/30/2019,673,687,673,675,17063
12/31/2019,679,682,676,681,15116
1/1/2020,683,690,680,690,10882
1/2/2020,688,690,684,685,20018
1/5/2020,690,699,690,697,17152
1/6/2020,700,715,700,713,23487
1/7/2020,725,734,719,722,24397
1/8/2020,725,725,715,721,17879
1/9/2020,711,723,711,716,9624
1/12/2020,722,728,720,726,30359
1/13/2020,734,749,726,730,40571
1/14/2020,735,735,716,730,12535
1/15/2020,735,743,733,740,11175
1/16/2020,740,759,740,751,26914
1/19/2020,760,766,757,764,22863
1/20/2020,779,780,755,760,25306
1/21/2020,767,767,749,755,18428
1/22/2020,750,756,745,745,12755
1/23/2020,745,745,722,727,19663
1/26/2020,727,727,709,710,20742
1/27/2020,712,729,706,720,17628
1/28/2020,734,735,725,725,15203
1/29/2020,727,732,721,724,10541
1/30/2020,724,737,724,736,14728
2/2/2020,740,754,740,752,37634
2/3/2020,757,758,733,738,33172
2/4/2020,741,744,732,739,27241
2/5/2020,739,739,734,734,20827
2/6/2020,735,740,726,726,15362
2/9/2020,732,732,720,721,18422
2/10/2020,725,727,716,720,23380
2/11/2020,716,730,715,723,27491
2/12/2020,729,729,721,722,11735
2/13/2020,725,727,721,723,16258
2/16/2020,726,726,719,724,17985
2/17/2020,738,757,728,750,51893
2/18/2020,764,765,744,753,47604
2/19/2020,752,753,746,751,23379
2/20/2020,751,755,746,755,21585
2/23/2020,758,804,758,790,65129
2/24/2020,790,821,791,800,93540
2/25/2020,805,814,779,814,37640
2/26/2020,830,875,828,870,83212
2/27/2020,861,955,845,955,167082
3/1/2020,955,1000,936,940,163043
3/2/2020,926,939,850,850,68203
3/3/2020,850,910,815,888,150206
3/4/2020,888,888,838,847,107177
3/5/2020,831,852,813,840,78904
3/10/2020,824,824,776,776,60824
3/11/2020,791,822,766,815,83501
3/12/2020,831,831,784,790,65403
3/15/2020,780,787,748,750,70304
3/16/2020,741,764,723,750,55501
3/17/2020,765,765,721,731,46620
3/18/2020,731,739,700,715,43091
3/19/2020,701,740,690,730,55806
3/22/2020,744,744,700,701,15101
5/12/2020,687,687,680,680,2295
5/13/2020,667,667,660,660,435
6/29/2020,627,659,594,660,40720
6/30/2020,670,726,670,725,8769
7/1/2020,725,770,725,770,15536
7/2/2020,785,785,702,720,21024
7/5/2020,722,734,699,729,59244
7/6/2020,725,740,715,737,32963
7/7/2020,750,751,740,744,41752
7/8/2020,752,756,730,741,30143
7/9/2020,745,749,725,742,30119
7/12/2020,756,770,746,747,27529
7/13/2020,761,769,741,742,28339
7/14/2020,756,760,742,745,29973
7/15/2020,750,765,744,765,43439
7/16/2020,775,790,774,790,38787
7/19/2020,805,869,805,869,711
7/20/2020,912,955,816,879,118430
7/21/2020,885,886,857,865,69536
7/22/2020,860,875,846,846,51597
7/23/2020,846,854,831,850,55386
7/26/2020,860,870,853,861,58534
7/27/2020,870,882,860,862,101044
7/28/2020,872,872,854,854,51916
7/29/2020,855,855,840,845,45527
7/30/2020,842,854,840,851,41463
8/2/2020,840,850,820,820,63388
8/3/2020,809,828,808,824,42609
8/5/2020,824,824,810,824,47216
8/6/2020,859,859,801,814,21551
8/9/2020,815,815,800,813,36927
8/10/2020,825,840,810,832,47830
8/11/2020,847,847,825,830,29776
8/12/2020,844,844,821,836,23975
8/13/2020,877,877,820,825,36200
8/16/2020,835,835,810,822,29088
8/17/2020,822,824,815,822,16623
8/18/2020,833,840,824,830,20561
8/19/2020,815,825,814,822,17216
8/20/2020,812,822,812,817,10175
8/23/2020,824,824,814,824,14020
8/24/2020,833,835,825,830,22795
8/25/2020,839,840,823,830,23396
8/26/2020,839,850,830,841,44021
8/27/2020,841,855,841,845,23000
8/30/2020,845,850,835,839,11698
8/31/2020,840,846,832,839,49117
9/2/2020,839,866,839,858,68044
9/3/2020,861,864,849,860,54696
9/6/2020,903,903,854,855,56147
9/7/2020,863,863,842,849,19865
9/8/2020,858,858,840,846,21968
9/9/2020,846,846,839,844,36262
9/10/2020,849,868,844,845,26342
9/13/2020,855,855,845,849,32114
9/14/2020,855,870,852,856,32379
9/15/2020,839,864,853,856,28117
9/16/2020,858,858,850,853,15690
9/17/2020,853,865,851,859,30609
9/20/2020,876,895,870,880,72747
9/21/2020,892,892,876,883,61628
9/22/2020,888,890,870,872,51322
9/23/2020,866,877,866,874,30912
9/24/2020,866,877,866,875,23476
9/27/2020,880,883,870,874,23447
9/28/2020,885,885,868,871,17676
9/29/2020,875,875,862,864,20446
9/30/2020,864,875,857,859,22250
10/1/2020,860,869,860,867,30640
10/4/2020,890,895,875,880,52437
10/5/2020,885,889,872,876,22147
10/6/2020,878,885,872,877,16257
10/7/2020,880,882,868,872,26029
10/8/2020,880,882,866,869,27048
10/11/2020,868,870,864,866,24647
10/12/2020,860,865,860,864,19390
10/13/2020,865,865,861,864,15218
10/14/2020,864,865,859,860,29183
10/15/2020,817,872,817,860,25564
10/18/2020,860,874,859,859,18801
10/19/2020,860,868,860,863,11214
10/20/2020,865,872,862,868,11628
10/21/2020,870,884,870,880,30592
10/22/2020,890,893,880,885,46895
10/28/2020,895,903,892,903,59283
10/29/2020,948,948,898,902,51398
11/1/2020,902,902,890,894,40311
11/2/2020,891,897,884,886,29989
11/3/2020,897,897,884,888,15950
11/4/2020,885,890,884,888,20507
11/5/2020,890,890,875,880,34927
11/8/2020,880,880,864,870,72463
11/9/2020,866,872,858,862,90972
11/10/2020,870,890,865,879,29034
11/11/2020,896,896,872,883,41751
11/12/2020,890,891,883,887,30444
11/18/2020,890,905,888,901,61321
11/19/2020,906,953,900,905,94311
11/22/2020,920,985,920,965,223043
11/23/2020,970,994,969,978,75761
11/24/2020,1000,1000,960,972,58491
11/25/2020,981,1028,972,1025,232466
11/26/2020,1050,1141,1050,1130,343732
11/29/2020,1150,1200,1141,1185,283683
11/30/2020,1244,1244,1150,1159,196359
12/1/2020,1150,1165,1115,1119,177245
12/2/2020,1120,1147,1096,1125,202030
12/3/2020,1106,1196,1106,1140,159437
12/6/2020,1123,1145,1078,1078,161986
12/7/2020,1070,1147,1057,1118,164879
12/8/2020,1140,1162,1115,1124,113499
12/9/2020,1125,1135,1095,1101,77270
12/10/2020,1115,1127,1094,1120,86977
12/13/2020,1064,1165,1064,1159,110589
12/14/2020,1172,1248,1160,1227,273113
12/15/2020,1210,1293,1202,1240,161533
12/16/2020,1240,1254,1200,1248,149009
12/17/2020,1250,1255,1228,1235,101916
12/20/2020,1240,1246,1175,1205,323164
12/21/2020,1180,1236,1160,1231,263971
12/22/2020,1292,1354,1292,1354,48213
12/23/2020,1400,1489,1400,1489,187508
12/24/2020,1550,1550,1403,1425,425873
12/27/2020,1425,1450,1381,1384,289737
12/28/2020,1380,1395,1360,1379,176237
12/29/2020,1380,1400,1380,1386,381895
12/30/2020,1080,1108,1048,1101,240703
12/31/2020,1110,1130,1100,1100,126022
1/3/2021,1100,1130,1080,1125,152668
1/4/2021,1135,1136,1102,1111,91228
1/5/2021,1111,1118,1095,1097,90991
1/6/2021,1097,1104,1086,1096,76530
1/7/2021,1042,1112,1042,1091,77627
1/10/2021,1095,1134,1095,1126,182457
1/11/2021,1182,1182,1120,1125,67113
1/12/2021,1081,1150,1081,1140,78962
1/13/2021,1130,1147,1130,1132,48737
1/17/2021,1140,1140,1117,1128,54196
1/18/2021,1180,1180,1115,1128,79293
1/19/2021,1180,1180,1112,1117,65561
1/20/2021,1172,1172,1100,1103,85123
1/21/2021,1100,1110,1095,1109,108401
1/24/2021,1120,1139,1109,1115,128981
1/25/2021,1115,1205,1110,1176,287254
1/26/2021,1190,1194,1165,1168,133717
1/27/2021,1126,1186,1126,1182,97355
1/28/2021,1182,1182,1129,1145,138051
1/31/2021,1088,1145,1088,1110,106925
2/1/2021,1065,1151,1065,1120,60104
2/2/2021,1130,1140,1120,1129,78197
2/3/2021,1150,1160,1110,1120,100026
2/4/2021,1150,1150,1111,1116,82322
2/7/2021,1116,1125,1111,1114,121996
2/8/2021,1130,1180,1115,1165,281400
2/9/2021,1107,1197,1107,1163,132993
2/10/2021,1160,1189,1152,1176,130150
2/11/2021,1180,1250,1170,1213,317291
2/14/2021,1230,1242,1200,1221,168891
2/15/2021,1230,1328,1230,1321,524258
2/16/2021,1330,1386,1324,1365,388814
2/17/2021,1433,1433,1350,1391,295552
2/18/2021,1400,1405,1358,1367,188406
2/21/2021,1435,1435,1335,1355,180791
2/22/2021,1360,1360,1319,1319,182067
2/23/2021,1300,1344,1286,1335,285817
2/24/2021,1350,1375,1330,1350,143200
2/25/2021,1360,1377,1314,1322,163157
2/28/2021,1322,1325,1287,1296,176137
3/1/2021,1259,1315,1259,1314,102909
3/2/2021,1320,1323,1250,1274,133848
3/3/2021,1258,1270,1226,1244,152652
3/4/2021,1268,1314,1260,1300,155720
3/8/2021,1300,1305,1271,1285,67034
3/9/2021,1300,1300,1264,1275,81515
3/10/2021,1338,1338,1252,1255,69416
3/14/2021,1250,1250,1205,1215,169858
3/15/2021,1208,1226,1190,1205,163239
3/16/2021,1145,1225,1145,1207,115007
3/17/2021,1215,1224,1200,1219,96573
3/18/2021,1279,1279,1215,1243,91022
3/21/2021,1250,1274,1250,1260,110107
3/22/2021,1271,1295,1238,1244,93451
3/23/2021,1245,1245,1229,1234,55201
3/24/2021,1250,1257,1230,1239,53495
3/25/2021,1246,1255,1221,1227,55649
3/29/2021,1227,1243,1227,1232,51438
3/30/2021,1232,1240,1230,1236,97016
3/31/2021,1239,1305,1238,1294,187475
4/1/2021,1294,1318,1280,1283,107609
4/4/2021,1347,1347,1293,1316,183452
4/5/2021,1315,1332,1303,1315,117881
4/6/2021,1314,1324,1300,1311,103143
4/7/2021,1310,1334,1310,1317,98854
4/8/2021,1325,1339,1316,1330,134432
4/12/2021,1336,1360,1320,1348,182723
4/13/2021,1281,1381,1281,1380,209373
4/15/2021,1449,1449,1350,1370,168272
4/18/2021,1370,1370,1330,1335,173524
4/19/2021,1345,1345,1310,1318,142099
4/20/2021,1318,1344,1305,1315,120001
4/21/2021,1380,1380,1290,1294,109757
4/22/2021,1295,1307,1280,1298,125239
4/25/2021,1361,1361,1255,1270,165129
4/26/2021,1250,1281,1230,1235,156529
4/27/2021,1231,1280,1231,1279,107145
4/28/2021,1249,1300,1249,1264,84413
4/29/2021,1266,1275,1257,1270,75819
5/2/2021,1295,1295,1265,1275,93567
5/3/2021,1300,1304,1275,1284,117310
5/4/2021,1299,1299,1271,1274,80193
5/5/2021,1290,1290,1265,1266,67433
5/6/2021,1273,1273,1260,1265,60497
5/9/2021,1265,1274,1250,1259,94346
5/10/2021,1264,1273,1255,1260,67445
5/11/2021,1256,1274,1256,1265,95404
5/12/2021,1265,1275,1259,1262,94423
5/13/2021,1270,1270,1260,1267,76245
5/16/2021,1265,1300,1265,1288,165718
5/17/2021,1299,1320,1299,1308,103727
5/18/2021,1373,1373,1304,1308,73064
5/19/2021,1373,1373,1290,1302,103756
5/20/2021,1340,1340,1282,1300,65407
5/23/2021,1275,1313,1275,1312,107284
5/24/2021,1377,1377,1310,1320,127131
5/25/2021,1286,1329,1286,1306,85759
5/27/2021,1300,1302,1282,1294,108286
5/30/2021,1294,1316,1294,1300,90621
5/31/2021,1300,1312,1282,1285,123090
6/1/2021,1285,1295,1265,1292,110156
6/2/2021,1356,1356,1265,1293,60397
6/3/2021,1255,1321,1255,1309,175139
6/6/2021,1374,1374,1320,1330,193387
6/7/2021,1350,1350,1308,1316,148222
6/8/2021,1307,1321,1307,1315,120498
6/9/2021,1380,1380,1289,1310,148864
6/10/2021,1326,1326,1299,1304,132428
6/13/2021,1305,1312,1300,1304,142630
6/14/2021,1304,1330,1301,1309,176408
6/15/2021,1374,1374,1295,1312,110411
6/16/2021,1312,1340,1303,1308,94402
6/17/2021,1308,1315,1300,1309,92288
6/20/2021,1312,1312,1290,1297,117221
6/21/2021,1300,1304,1284,1285,129080
6/22/2021,1285,1300,1280,1298,106023
6/23/2021,1362,1362,1288,1291,94681
6/24/2021,1300,1300,1280,1286,80446
6/27/2021,1250,1306,1250,1298,81126
6/28/2021,1334,1334,1297,1302,66695
6/29/2021,1310,1310,1295,1296,62112
6/30/2021,1232,1315,1232,1296,69882
7/1/2021,1296,1305,1293,1297,41519
7/4/2021,1300,1305,1296,1298,47249
7/5/2021,1360,1360,1295,1297,46953
7/6/2021,1261,1303,1261,1301,68703
7/7/2021,1309,1309,1297,1299,66773
7/8/2021,1350,1350,1297,1317,90493
7/11/2021,1317,1353,1317,1345,192294
7/12/2021,1400,1400,1324,1338,162964
7/13/2021,1275,1355,1275,1347,136946
7/14/2021,1350,1358,1330,1349,101853
7/15/2021,1350,1361,1349,1359,87922
7/18/2021,1368,1440,1368,1440,272476
7/19/2021,1468,1493,1450,1451,226566
7/20/2021,1480,1490,1430,1454,113294
7/22/2021,1454,1463,1449,1459,147151
7/25/2021,1488,1500,1470,1499.5,171727
7/26/2021,1500,1515,1480,1492,196175
7/27/2021,1462.2,1500,1433,1489,211397
7/28/2021,1500,1500,1480,1482,84254
7/29/2021,1482,1490,1475.1,1477,80443
8/1/2021,1494,1494,1466.5,1480,75284
8/2/2021,1480,1495,1479.5,1487,59355
8/3/2021,1500,1500,1485,1490,58914
8/4/2021,1500,1500,1488,1488.9,63649
8/5/2021,1490,1499,1482.1,1488,54477
8/8/2021,1489,1503,1488,1494,88896
8/9/2021,1499,1499,1490,1494,51624
8/10/2021,1496,1522,1490,1512,131079
8/11/2021,1520,1540,1512.2,1514,76570
8/12/2021,1514,1530,1488.7,1519,61561
8/15/2021,1520,1525,1475,1505,247612
8/16/2021,1535,1560,1499,1507.4,201928
8/17/2021,1518,1518,1489,1495,216309
8/18/2021,1500,1505,1485,1495,119338
8/19/2021,1500,1501,1485,1490,106885
8/24/2021,1499,1499,1477,1477,108363
8/25/2021,1479,1479,1448,1459,120921
8/26/2021,1460,1480.1,1441,1450,159476
8/29/2021,1430,1469,1413,1433,183055
8/31/2021,1433,1433,1402,1419,126285
9/1/2021,1435,1446,1408,1420,124665
9/2/2021,1420.5,1440,1414,1418,105395
9/5/2021,1420,1420,1372,1388,177307
9/6/2021,1390,1445,1380,1442,134284
9/7/2021,1455,1470,1419,1429.9,79191
9/8/2021,1429.9,1430,1404,1415,59583
9/9/2021,1410,1420,1410,1410,70348
9/12/2021,1415,1447,1410,1440,75225
9/13/2021,1468.8,1482,1440,1455,210616
9/14/2021,1473,1473,1445,1453,46726
9/15/2021,1470,1470,1440,1445,37192
9/16/2021,1430,1440,1408,1424.5,108701
9/20/2021,1432,1440,1380,1393,132043
9/21/2021,1393,1415,1345,1389,148677
9/22/2021,1415,1425,1400,1424.4,79284
9/23/2021,1441.1,1455,1430,1438,136670
9/26/2021,1450,1465,1427,1431,116113
9/27/2021,1435,1435,1403,1415,47830
9/28/2021,1415,1415,1380,1395,86659
9/29/2021,1420,1420,1379,1408,58596
9/30/2021,1413,1419,1401,1407,47037
10/3/2021,1429.9,1429.9,1393,1395,55819
10/4/2021,1392,1407,1370,1397,60200
10/5/2021,1410,1410,1394,1410,44358
10/6/2021,1410,1453,1410,1444.9,57353
10/10/2021,1462.6,1500,1462.6,1474,77855
10/11/2021,1503,1503,1439.9,1450,118043
10/17/2021,1479,1507,1465,1482,56389
10/18/2021,1482,1482,1448,1468,67707
10/19/2021,1445,1450,1420.1,1431,77881
10/20/2021,1459.6,1479,1430,1460,65244
10/21/2021,1460,1480,1447,1471,65682
10/24/2021,1472,1479,1462,1470.9,54884
10/25/2021,1500.3,1500.3,1470.3,1497,78485
10/26/2021,1505.5,1578,1498,1569,225327
10/27/2021,1569,1620,1559,1606,270557
10/28/2021,1610,1619,1595,1598,141749
10/31/2021,1600,1629.9,1573,1580,176045
11/1/2021,1580,1620,1551,1620,215086
11/2/2021,1650,1650,1594,1608,131659
11/3/2021,1640.1,1740,1640.1,1653,705430
11/8/2021,1660,1660,1605,1614.7,186984
11/9/2021,1614.7,1614.7,1570,1579,188332
11/11/2021,1579,1580,1540,1550,199932
11/14/2021,1570,1575,1540,1548,107590
11/15/2021,1552,1576,1540,1540,104146
11/16/2021,1550,1565,1546.1,1559,74044
11/17/2021,1570,1570,1548,1556,99187
11/18/2021,1587.1,1587.1,1546,1547,89460
11/21/2021,1560,1565,1538,1544,75509
11/22/2021,1544,1554.9,1540,1546,80745
11/23/2021,1550,1550,1532,1537,62286
11/24/2021,1545,1550,1527,1545,54975
11/25/2021,1547,1550,1535,1538,64950
11/28/2021,1538,1538,1520,1523,85621
11/29/2021,1523,1530,1508,1526,60022
11/30/2021,1535,1535,1518.7,1521,52965
12/1/2021,1535.3,1535.3,1523,1524.2,36610
12/2/2021,1524.2,1530,1509,1512,60311
12/5/2021,1514,1514,1471,1474,108142
12/6/2021,1445,1495,1415,1485,118177
12/7/2021,1513.9,1514,1475,1475,60813
12/8/2021,1475,1480,1450,1456.8,47379
12/9/2021,1456,1459,1434,1452.9,56323
12/12/2021,1453,1465,1420.5,1421,80982
12/13/2021,1421,1421,1364,1366.1,130695
12/14/2021,1393,1460,1380,1460,64277
12/15/2021,1460,1500,1412,1450,90423
12/16/2021,1450,1460,1421,1430,43538
12/20/2021,1439.9,1439.9,1412,1420,58668
12/21/2021,1423,1452.5,1423,1452.5,98889
12/22/2021,1460,1492,1455,1485,79765
12/23/2021,1494,1499,1471,1485,51892
12/26/2021,1514.7,1570.8,1506,1524,209837
12/27/2021,1549,1550,1485,1499,201767
12/28/2021,1500,1500,1479.2,1480,170269
12/29/2021,1499,1500,1450,1450,326139
1/2/2022,1107,1151.5,1086,1144,263845
1/3/2022,1150,1160,1137,1137,130041
1/4/2022,1137,1139,1117.2,1119,116739
1/5/2022,1122,1138,1110,1111.9,75462
1/6/2022,1111,1123,1099.6,1114,67780
1/9/2022,1120,1129,1110,1113,126780
1/10/2022,1113,1119.9,1106.1,1111.3,120640
1/11/2022,1112,1117,1105.5,1114.8,102845
1/12/2022,1120,1120,1107,1107,105760
1/13/2022,1110,1112,1104,1110,92618
1/16/2022,1120,1147,1110,1140,176667
1/17/2022,1162,1179,1140,1178.9,113189
1/18/2022,1180,1209,1180,1190,116223
1/19/2022,1213,1213,1170.1,1177,73385
1/20/2022,1182,1182,1160,1178,47782
1/23/2022,1178,1178,1155,1161,79765
1/24/2022,1165,1165,1125,1127,96165
1/25/2022,1135,1145,1110,1129.1,52041
1/26/2022,1129,1134.9,1115,1121,61217
1/27/2022,1121,1130,1115,1117,56308
1/30/2022,1139,1139,1127.1,1135,59027
1/31/2022,1149,1149,1125,1127,38126
2/1/2022,1129.9,1129.9,1119.3,1121.1,54175
2/3/2022,1141.5,1143.5,1121,1122,61153
2/6/2022,1130,1130,1108.5,1109,71516
2/7/2022,1112,1112,1106,1109,68960
2/8/2022,1128,1129,1106,1107,51383
2/9/2022,1110,1110,1098,1100.9,59639
2/10/2022,1101,1101,1095,1097.1,62380
2/13/2022,1095,1095,1069,1070,87909
2/14/2022,1070,1079,1064,1064,68303
2/15/2022,1085,1085,1066.1,1075,53230
2/16/2022,1096,1096,1070.3,1080,46381
2/17/2022,1081,1094,1070,1079,34444
2/20/2022,1070,1075,1045,1062,61489
2/21/2022,1070,1073,1063,1067,39297
2/22/2022,1080,1080,1069,1070.5,41743
2/23/2022,1084,1085,1065,1067.5,29641
2/24/2022,1065,1067,1048,1051,72385
2/27/2022,1051,1051,1040,1041,43253
2/28/2022,1050,1059,1037,1040,45316
3/2/2022,1040,1048,1000,1006,74636
3/6/2022,985.9,1020,985.9,1002.9,64365
3/7/2022,1010,1012,1000,1011.9,47036
3/9/2022,1011.9,1020,1006,1007.9,35691
3/10/2022,988.7,1018,988.7,1018,31958
3/13/2022,1036,1080,1034,1079,57510
3/14/2022,1100,1100.5,1081,1092,23711
3/15/2022,1100,1100,1075,1079,44505
3/16/2022,1079,1089,1060,1064,25272
3/20/2022,1080,1080,1055.3,1060,28034
3/21/2022,1075,1075,1046,1052,32178
3/22/2022,1060,1065,1048.1,1050,35572
3/23/2022,1060,1060,1043,1047,29498
3/24/2022,1057,1057,1036,1040,34482
3/27/2022,1055,1055,1017,1020,37321
3/28/2022,1029,1029,1010,1017,36394
3/29/2022,1000.1,1030,1000.1,1009,53395
3/30/2022,995,1006,993,1006,101034
3/31/2022,1015,1019.9,1000,1002,62677
4/3/2022,1010.1,1010.1,995,997,42507
4/4/2022,1000,1002,995,997,56895
4/5/2022,1000,1000,982,984,87147
4/6/2022,982,990,963,965,69199
4/7/2022,965.1,976,964,969,76197
4/11/2022,980,995,970,971,70697
4/12/2022,990,990,958.1,960,45151
4/13/2022,970,972,953,971,35450
4/17/2022,980,990,970,971,35787
4/18/2022,972,977,955,956,51642
4/19/2022,950,961,935,949,66610
4/20/2022,949,950,936,940,37902
4/21/2022,945,949,918.2,935,55028
4/24/2022,941,951.5,930,951.5,47975
4/25/2022,965,980,936,940.9,54841
4/26/2022,940.9,947,936,937.9,27496
4/27/2022,939,944.6,929.2,934.9,34974
4/28/2022,934,947,927,928,43224
5/2/2022,937.5,937.5,916.5,920,39086
5/4/2022,920,925,899,909,37775
5/5/2022,910,915,900,901.9,50023
5/8/2022,900,910,880,889,46835
5/9/2022,889,907,889,896.5,40948
5/10/2022,912,912,897,909.7,40752
5/11/2022,915,938,915,933,37027
5/12/2022,949.7,951,930,930,54739
5/17/2022,930,935,908,910,26873
5/18/2022,915,918,905.3,914,24747
5/19/2022,929,929,896,908,29333
5/20/2022,901,915,900,906,25594
5/23/2022,906,941,898,899,45910
5/24/2022,899,905,897,897.1,33616
5/25/2022,915,915,898,900,38263
5/26/2022,918,918,897,898.6,39717
5/27/2022,900,900,896,898,39790
5/30/2022,900,901,881,890,44382
5/31/2022,890,890,865,875,45502
6/1/2022,876,883,866,867,32984
6/2/2022,883.9,883.9,858,861.9,36911
6/3/2022,855,871.9,843,845,43168
6/6/2022,845,860.5,837.9,846,41330
6/7/2022,850,853,830,831.5,34581
6/8/2022,828.1,855,828,843,43083
6/9/2022,855,864,846,846.4,45493
6/10/2022,850,855,840,848.1,26409
6/13/2022,850,850,844.8,846,27758
6/14/2022,846,846,834,838.5,38169
6/15/2022,838,838,810,825,33494
6/16/2022,821,833,815,825,30303
6/17/2022,835,835,817,817,16582
6/19/2022,817,820.5,814,816,49808
6/20/2022,814,814,793,794.9,51029
6/21/2022,795,799,783,792,54464
6/22/2022,799,799.9,778,782,43206
6/23/2022,775,777,748,749,73119
6/24/2022,749,750,726,740,32412
6/26/2022,754.8,780,750,775,88020
6/27/2022,790,810,775,780,89874
6/28/2022,794,794,765,778,35763
6/29/2022,780,799,770,795,28748
6/30/2022,800,835,800,835,46615
7/1/2022,850,866,833,856,42203
7/3/2022,856,890,856,889,71068
7/4/2022,900,916,893.8,895,114314
